DateTime,BTC,ETH,USDT,BNB,XRP,Otros
2013-05-05 02:00:00,93.9629303663857,0.0,0.0,0.0,0.0,6.0370696336142995
2013-05-12 02:00:00,94.50562777758526,0.0,0.0,0.0,0.0,5.494372222414727
2013-05-19 02:00:00,94.99949016346316,0.0,0.0,0.0,0.0,5.000509836536834
2013-05-26 02:00:00,95.43775340464299,0.0,0.0,0.0,0.0,4.56224659535702
2013-06-02 02:00:00,96.08975788680988,0.0,0.0,0.0,0.0,3.910242113190116
2013-06-09 02:00:00,95.55335949804534,0.0,0.0,0.0,0.0,4.446640501954659
2013-06-16 02:00:00,95.49873202675838,0.0,0.0,0.0,0.0,4.50126797324162
2013-06-23 02:00:00,95.05312716071272,0.0,0.0,0.0,0.0,4.946872839287269
2013-06-30 02:00:00,94.60288445882054,0.0,0.0,0.0,0.0,5.397115541179468
2013-07-07 02:00:00,92.59584812119502,0.0,0.0,0.0,0.0,7.404151878804985
2013-07-14 02:00:00,94.62584773373204,0.0,0.0,0.0,0.0,5.374152266267957
2013-07-21 02:00:00,94.2782120929514,0.0,0.0,0.0,0.0,5.7217879070485855
2013-07-28 02:00:00,94.16377016627855,0.0,0.0,0.0,0.0,5.836229833721461
2013-08-04 02:00:00,94.22777654482499,0.0,0.0,0.0,0.0,5.772223455175008
2013-08-11 02:00:00,92.23149765447711,0.0,0.0,0.0,2.617931876430661,5.150570469092227
2013-08-18 02:00:00,91.69855086473567,0.0,0.0,0.0,3.1255767771401874,5.175872358124154
2013-08-25 02:00:00,92.38395845562306,0.0,0.0,0.0,2.875981257894843,4.7400602864821
2013-09-01 02:00:00,93.2437133991715,0.0,0.0,0.0,2.607140389182776,4.149146211645737
2013-09-08 02:00:00,92.31178898621046,0.0,0.0,0.0,3.075735398905511,4.612475614884022
2013-09-15 02:00:00,92.71259233125623,0.0,0.0,0.0,3.039092354309501,4.2483153144342625
2013-09-22 02:00:00,91.21473768801889,0.0,0.0,0.0,4.626660327485948,4.15860198449516
2013-09-29 02:00:00,89.45405762495574,0.0,0.0,0.0,6.100824428457941,4.4451179465863175
2013-10-06 02:00:00,91.20157262480843,0.0,0.0,0.0,4.460085606867991,4.338341768323577
2013-10-13 02:00:00,92.22953723936426,0.0,0.0,0.0,4.229540074480144,3.5409226861555934
2013-10-20 02:00:00,93.94695372761946,0.0,0.0,0.0,2.6026907382512494,3.4503555341292924
2013-10-27 02:00:00,94.56029045426874,0.0,0.0,0.0,2.123424051266659,3.316285494464603
2013-11-03 01:00:00,94.56692681922078,0.0,0.0,0.0,2.046083772794211,3.386989407985
2013-11-10 01:00:00,94.99878260650682,0.0,0.0,0.0,1.5760150754378133,3.4252023180553657
2013-11-17 01:00:00,96.33481631322897,0.0,0.0,0.0,1.445526980823522,2.219656705947518
2013-11-24 01:00:00,95.50362335104448,0.0,0.0,0.0,0.7623928257960294,3.733983823159496
2013-12-01 01:00:00,88.47499962812307,0.0,0.0,0.0,1.989585003013841,9.535415368863086
2013-12-08 01:00:00,89.4491791723922,0.0,0.0,0.0,0.0,10.550820827607795
2013-12-15 01:00:00,88.65995812480548,0.0,0.0,0.0,2.092730560590763,9.247311314603747
2013-12-22 01:00:00,90.09518206783794,0.0,0.0,0.0,2.0767570037833707,7.828060928378693
2013-12-29 01:00:00,87.8501326202138,0.0,0.0,0.0,2.114100366743747,10.035767013042443
2014-01-05 01:00:00,88.07921338496848,0.0,0.0,0.0,1.8487039024246092,10.07208271260691
2014-01-12 01:00:00,89.38297044248696,0.0,0.0,0.0,1.4988187092574812,9.11821084825555
2014-01-19 01:00:00,89.13493604060993,0.0,0.0,0.0,1.440395573131931,9.424668386258146
2014-01-26 01:00:00,89.39392469944904,0.0,0.0,0.0,1.2721606212371093,9.333914679313846
2014-02-02 01:00:00,89.19158601140836,0.0,0.0,0.0,1.4072422376405374,9.401171750951104
2014-02-09 01:00:00,89.49991367036601,0.0,0.0,0.0,1.467484603325309,9.032601726308672
2014-02-16 01:00:00,88.83246936232412,0.0,0.0,0.0,1.3832935870584309,9.784237050617453
2014-02-23 01:00:00,89.15985583398164,0.0,0.0,0.0,1.4430605614607663,9.397083604557597
2014-03-02 01:00:00,87.69621295090082,0.0,0.0,0.0,1.3369191562239453,10.966867892875245
2014-03-09 01:00:00,87.10942929697512,0.0,0.0,0.0,1.2782881769180334,11.612282526106853
2014-03-16 01:00:00,87.81246733894731,0.0,0.0,0.0,1.2370333263376851,10.950499334715007
2014-03-23 01:00:00,86.98552173632763,0.0,0.0,0.0,1.2415454646135748,11.7729327990588
2014-03-30 01:00:00,89.26684556754026,0.0,0.0,0.0,1.1670281435690044,9.566126288890727
2014-04-06 02:00:00,90.12394635006231,0.0,0.0,0.0,1.0067338503918415,8.869319799545845
2014-04-13 02:00:00,90.45738807525436,0.0,0.0,0.0,0.8326286694995043,8.709983255246142
2014-04-20 02:00:00,89.49994344011508,0.0,0.0,0.0,0.7127571244748057,9.787299435410118
2014-04-27 02:00:00,90.86641164536495,0.0,0.0,0.0,0.6583727445072958,8.47521561012776
2014-05-04 02:00:00,90.90684499371996,0.0,0.0,0.0,0.6410542153562593,8.452100790923776
2014-05-11 02:00:00,90.28553621368368,0.0,0.0,0.0,0.724492412560808,8.989971373755509
2014-05-18 02:00:00,90.40030134787546,0.0,0.0,0.0,0.7978666849423909,8.801831967182148
2014-05-25 02:00:00,90.93091460048977,0.0,0.0,0.0,0.4362112486826559,8.632874150827583
2014-06-01 02:00:00,92.23132369045783,0.0,0.0,0.0,0.37323721948795135,7.395439090054213
2014-06-08 02:00:00,92.47129108024691,0.0,0.0,0.0,0.340533099073128,7.188175820679957
2014-06-15 02:00:00,92.03256672405388,0.0,0.0,0.0,0.3885543607134251,7.578878915232693
2014-06-22 02:00:00,92.30606616608571,0.0,0.0,0.0,0.3889983559321806,7.3049354779821
2014-06-29 02:00:00,92.72844501744825,0.0,0.0,0.0,0.36925449391392373,6.902300488637819
2014-07-06 02:00:00,93.8657695983601,0.0,0.0,0.0,0.2803356379044995,5.853894763735393
2014-07-13 02:00:00,93.48488327721658,0.0,0.0,0.0,0.3824124553408796,6.132704267442543
2014-07-20 02:00:00,93.3020384209829,0.0,0.0,0.0,0.4682961356691753,6.229665443347933
2014-07-27 02:00:00,93.4017583219848,0.0,0.0,0.0,0.5980852551715645,6.0001564228436255
2014-08-03 02:00:00,93.293145389067,0.0,0.0,0.0,0.5255424535236264,6.181312157409356
2014-08-10 02:00:00,93.83712167684979,0.0,0.0,0.0,0.5250995312885127,5.637778791861702
2014-08-17 02:00:00,94.48279756840154,0.0,0.0,0.0,0.6180452933475414,4.899157138250917
2014-08-24 02:00:00,93.92733526952777,0.0,0.0,0.0,0.592188544701053,5.480476185771185
2014-08-31 02:00:00,92.2587031021593,0.0,0.0,0.0,1.9962336092938633,5.745063288546834
2014-09-07 02:00:00,91.8764029316369,0.0,0.0,0.0,1.9890669831473151,6.1345300852157845
2014-09-14 02:00:00,91.23653268237413,0.0,0.0,0.0,1.9585866630710658,6.804880654554803
2014-09-21 02:00:00,90.53103698755385,0.0,0.0,0.0,2.306645769500173,7.162317242945976
2014-09-28 02:00:00,90.16324284833209,0.0,0.0,0.0,2.3113664199296835,7.52539073173822
2014-10-05 02:00:00,89.25767871532724,0.0,0.0,0.0,2.908564824418281,7.8337564602544765
2014-10-12 02:00:00,90.10378156293642,0.0,0.0,0.0,2.5610714846907996,7.335146952372779
2014-10-19 02:00:00,90.49404913215933,0.0,0.0,0.0,2.4841543804773187,7.021796487363359
2014-10-26 02:00:00,90.45358798124951,0.0,0.0,0.0,2.6529528281131243,6.893459190637354
2014-11-02 01:00:00,90.63119084886844,0.0,0.0,0.0,2.7993348580388306,6.569474293092732
2014-11-09 01:00:00,90.46847370295372,0.0,0.0,0.0,2.7628443844301245,6.768681912616153
2014-11-16 01:00:00,90.93058092765081,0.0,0.0,0.0,2.6248222891267354,6.444596783222463
2014-11-23 01:00:00,89.36802145193683,0.0,0.0,0.0,4.1579786865342045,6.473999861528967
2014-11-30 01:00:00,86.33436777714853,0.0,0.0,0.0,7.321098083053139,6.3445341397983235
2014-12-07 01:00:00,86.01912551991671,0.0,0.0,0.0,7.517887905525912,6.462986574557384
2014-12-14 01:00:00,84.20114322348029,0.0,0.0,0.0,9.36566075675061,6.43319601976911
2014-12-21 01:00:00,78.49889103179119,0.0,0.0,0.0,13.0754036827253,8.425705285483504
2014-12-28 01:00:00,78.16615552457381,0.0,0.0,0.0,13.504473395721387,8.329371079704801
2015-01-04 01:00:00,79.00514604353755,0.0,0.0,0.0,14.059382287844938,6.935471668617518
2015-01-11 01:00:00,80.52676874955151,0.0,0.0,0.0,12.75078234337952,6.722448907068983
2015-01-18 01:00:00,78.74779013465584,0.0,0.0,0.0,13.659883025971736,7.592326839372415
2015-01-25 01:00:00,80.7349456524482,0.0,0.0,0.0,12.274719462539757,6.990334885012027
2015-02-01 01:00:00,80.93678831487406,0.0,0.0,0.0,11.981999706111695,7.081211979014235
2015-02-08 01:00:00,81.4280680860472,0.0,0.0,0.0,12.042390376040013,6.529541537912772
2015-02-15 01:00:00,82.60549023845431,0.0,0.0,0.0,11.052473327186343,6.342036434359353
2015-02-22 01:00:00,83.28852182865006,0.0,0.0,0.0,10.416733119642291,6.294745051707644
2015-03-01 01:00:00,83.72245856091189,0.0,0.0,0.0,9.826720436020185,6.450821003067925
2015-03-08 01:00:00,86.3262933496358,0.0,0.005646255990453192,0.0,7.538731036459787,6.129329357913956
2015-03-15 01:00:00,86.30368538924583,0.0,0.0055345721652178305,0.0,7.787604635526094,5.90317540306287
2015-03-22 01:00:00,86.11181802924933,0.0,0.0059686621287678146,0.0,7.707031718993246,6.175181589628655
2015-03-29 01:00:00,86.73585671312594,0.0,0.006170613923698955,0.0,6.9264985495449345,6.33147412340542
2015-04-05 02:00:00,87.008860830905,0.0,0.0061536805184704176,0.0,6.904380748778658,6.080604739797876
2015-04-12 02:00:00,87.21385879369966,0.0,0.006605876305262346,0.0,6.952698032728061,5.826837297267014
2015-04-19 02:00:00,87.04413428640969,0.0,0.006966942956647069,0.0,6.978916490121173,5.969982280512501
2015-04-26 02:00:00,86.95975702622857,0.0,0.006856931060044478,0.0,7.209515876456603,5.823870166254787
2015-05-03 02:00:00,87.6583289902823,0.0,0.0066510874301663305,0.0,6.77833430202549,5.556685620262042
2015-05-10 02:00:00,88.28498252128793,0.0,0.006497296397497264,0.0,6.239164449793252,5.469355732521318
2015-05-17 02:00:00,88.56235374942003,0.0,0.006663470799683618,0.0,5.565844584417266,5.865138195363031
2015-05-24 02:00:00,87.63241933336,0.0,0.0116673817424776,0.0,5.604383044549318,6.7515302403482025
2015-05-31 02:00:00,85.9655787094049,0.0,0.01171176987851461,0.0,6.953578930795904,7.069130589920686
2015-06-07 02:00:00,85.96741572899849,0.0,0.012081585480695147,0.0,6.748484076987156,7.272018608533671
2015-06-14 02:00:00,86.10590461100851,0.0,0.011722805997424928,0.0,6.703585313135524,7.178787269858534
2015-06-21 02:00:00,83.18462211898056,0.0,0.01072131470751205,0.0,8.355780189082452,8.448876377229475
2015-06-28 02:00:00,83.31195623406897,0.0,0.01046875265196037,0.0,8.465191367645618,8.212383645633453
2015-07-05 02:00:00,83.30664726699453,0.0,0.010054704431801653,0.0,7.651503661384215,9.031794367189455
2015-07-12 02:00:00,85.57398525792202,0.0,0.00917224321722607,0.0,5.580726306040152,8.836116192820615
2015-07-19 02:00:00,85.74635852731856,0.0,0.009788090357962862,0.0,5.575150739658684,8.66870264266479
2015-07-26 02:00:00,85.76396492832052,0.0,0.009302574718016467,0.0,5.184366124045531,9.04236637291593
2015-08-02 02:00:00,85.82523389680038,0.0,0.009564210063816612,0.0,5.5581797657242165,8.607022127411582
2015-08-09 02:00:00,84.62299587992804,0.9545861347037015,0.01011059881052217,0.0,6.060590382326677,8.351717004231062
2015-08-16 02:00:00,83.54523991229537,2.244727707307123,0.009935691207855632,0.0,5.91046341203692,8.289633277152724
2015-08-23 02:00:00,83.1655723958574,2.4823280780651364,0.011222050752025703,0.0,6.122748817952816,8.218128657372615
2015-08-30 02:00:00,83.89624641104612,2.160160491865933,0.011324142016400038,0.0,6.3141086052423505,7.6181603498291866
2015-09-06 02:00:00,83.7489629844725,2.387554511364737,0.011044481010426523,0.0,6.246284726463345,7.606153296688997
2015-09-13 02:00:00,84.19417329712313,1.8670172075454678,0.011065807102214952,0.0,6.525381434742791,7.402362253486391
2015-09-20 02:00:00,84.6142314115448,1.6144277240393679,0.011285993382061422,0.0,6.074932020620756,7.685122850413022
2015-09-27 02:00:00,85.55622068952069,1.44966836143778,0.011258392199002008,0.0,5.264761134833126,7.7180914220094055
2015-10-04 02:00:00,86.58780473268301,1.2498441880051157,0.011164455784024294,0.0,4.42944400056308,7.721742622964759
2015-10-11 02:00:00,87.27677024915315,1.1231944829692502,0.010948887327713971,0.0,3.967887289450308,7.6211990910995855
2015-10-18 02:00:00,88.52665167730164,0.899332064242831,0.010015635533716238,0.0,3.822714800656147,6.741285822265667
2015-10-25 02:00:00,89.31945758703155,0.8983618103868486,0.009710073745507324,0.0,3.323296071809303,6.449174457026792
2015-11-01 01:00:00,89.01351814565709,1.3086150929623868,0.008630179293939364,0.0,2.96847618039622,6.700760401690379
2015-11-08 01:00:00,90.9330093968217,1.0903281658538775,0.0072140808143083685,0.0,2.480788358200925,5.488659998309178
2015-11-15 01:00:00,90.61115346540976,1.2208238871045667,0.008279356718652363,0.0,2.6303290557192884,5.529414235047736
2015-11-22 01:00:00,90.48615513092948,1.365831331410044,0.008405817439166005,0.0,2.622074350880847,5.517533369340477
2015-11-29 01:00:00,90.94905149084413,1.1721782416326487,0.007713737513611159,0.0,2.430794897888527,5.440261632121088
2015-12-06 01:00:00,91.02124082573953,1.020785190468142,0.01489961962792993,0.0,2.784037200633721,5.159037163530682
2015-12-13 01:00:00,90.17967314775997,1.0237984494423216,0.013295516049600324,0.0,3.997865163630913,4.785367723117193
2015-12-20 01:00:00,91.64421311870929,0.9086726566509197,0.012593264904683247,0.0,2.792526795207602,4.641994164527496
2015-12-27 01:00:00,91.23418916972047,0.9435091707015102,0.013887753532119816,0.0,3.020656055911929,4.787757850133969
2016-01-03 01:00:00,91.30981366638402,0.9982653007071801,0.013327787001943456,0.0,2.8493416843620287,4.829251561544836
2016-01-10 01:00:00,91.4400474166293,1.0160903745993886,0.019657922805268808,0.0,2.7169100408794784,4.807294245086563
2016-01-17 01:00:00,90.61632010551789,1.4456915520873965,0.02252387433234275,0.0,2.658255302570785,5.257209165491591
2016-01-24 01:00:00,89.68545180061189,2.2218915273575286,0.022191362351622265,0.0,2.6250410734431138,5.445424236235839
2016-01-31 01:00:00,87.77706888889385,2.8691127907643112,0.022237337593045577,0.0,3.445446619624222,5.886134363124561
2016-02-07 01:00:00,86.87616852596994,2.9626400664825163,0.022067329822784594,0.0,4.085892865815922,6.0532312119088365
2016-02-14 01:00:00,84.08977463798252,5.856773626683935,0.020427261809098558,0.0,3.9641545453521227,6.068869928172331
2016-02-21 01:00:00,86.07847501918606,4.344058698493874,0.018735447786887335,0.0,3.6283059641172963,5.930424870415891
2016-02-28 01:00:00,84.23571825527243,6.324332696947662,0.018525868135760012,0.0,3.4706192141601013,5.95080396548405
2016-03-06 01:00:00,79.25620202335323,11.247870425818284,0.01879441493865699,0.0,3.467791497392419,6.009341638497422
2016-03-13 01:00:00,76.8915876148211,12.80973144739952,0.01770841717492506,0.0,3.6178057245570856,6.6631667960473635
2016-03-20 01:00:00,79.52891632791902,10.390892757688304,0.01834300064527578,0.0,3.48798855307021,6.573859360677192
2016-03-27 01:00:00,79.01481426633954,10.606679815912258,0.017857142365071955,0.0,3.415479220693519,6.945169554689609
2016-04-03 02:00:00,78.9177773376985,11.14483614510035,0.017677149557051627,0.0,3.1470775516431133,6.77263181600098
2016-04-10 02:00:00,81.38269546199875,9.087076887556728,0.018266336131146005,0.0,2.725343330803394,6.786617983509979
2016-04-17 02:00:00,82.23726175870183,8.440791279859026,0.01795334797018991,0.0,2.8025728879343523,6.501420725534607
2016-04-24 02:00:00,82.6801971195385,7.809395893555374,0.0172227186610298,0.0,3.0383558463056253,6.454828421939475
2016-05-01 02:00:00,82.42072535868772,8.31165468894152,0.02317671914190165,0.0,2.820711672298786,6.423731560930077
2016-05-08 02:00:00,82.19553884829874,8.642701951106288,0.022548606182653533,0.0,2.6145843129260022,6.524626281486327
2016-05-15 02:00:00,81.55958637732274,9.43289241094593,0.022545793598616217,0.0,2.437374344838508,6.547601073294194
2016-05-22 02:00:00,78.24977617236257,12.77733641185574,0.022129842527178818,0.0,2.3680678122977565,6.58268976095675
2016-05-29 02:00:00,81.91688101357127,9.706565077622843,0.019433318211043212,0.0,1.9728006736100863,6.384319916984765
2016-06-05 02:00:00,80.68339354286714,10.007077899883278,0.02659330616325028,0.0,1.8154206201813246,7.467514630905027
2016-06-12 02:00:00,81.13291465292264,9.763962633237506,0.02510219130177402,0.0,1.7099244978350032,7.368096024703075
2016-06-19 02:00:00,85.49044133882802,6.532890459972861,0.04290142405685653,0.0,1.6664358631914133,6.267330913950851
2016-06-26 02:00:00,82.18385103180123,9.123168502547873,0.04678485020291235,0.0,1.7688500730603967,6.877345542387578
2016-07-03 02:00:00,83.56195714285003,7.455626903274242,0.04486044979878753,0.0,1.7888433724529393,7.14871213162399
2016-07-10 02:00:00,83.16865044701348,7.279402940017428,0.04830401909365984,0.0,1.9139359420106388,7.589706651864814
2016-07-17 02:00:00,81.09629735704625,7.412377436338444,0.05402626516399588,0.0,1.8096882737801183,9.627610667671192
2016-07-24 02:00:00,79.64265869247997,9.061203760809548,0.05355122075421042,0.0,1.7330055920275829,9.509580733928697
2016-07-31 02:00:00,80.89690306804854,8.028798135452334,0.054382828875610204,0.0,1.7015199073049179,9.3183960603186
2016-08-07 02:00:00,79.72882792538616,7.713153214563197,0.05965974302114928,0.0,1.9345660624299967,10.563793054599499
2016-08-14 02:00:00,79.73695304568368,8.274949471700406,0.059867605955763334,0.0,1.8656360746546765,10.062593802005464
2016-08-21 02:00:00,79.80080700802048,8.11175624727805,0.060244308928141185,0.0,1.884916381103267,10.142276054670054
2016-08-28 02:00:00,80.18065126804044,8.260879880408515,0.061769408657877674,0.0,1.8877276887826133,9.608971754110557
2016-09-04 02:00:00,79.94786286030377,8.283962747254057,0.05858559371784817,0.0,1.7752310060319025,9.93435779269241
2016-09-11 02:00:00,80.0240687254223,8.284500950095081,0.05626085378785842,0.0,1.6768064885305145,9.958362982164255
2016-09-18 02:00:00,79.4349723914303,8.803737972270335,0.05737761311074677,0.0,2.053724252111376,9.650187771077237
2016-09-25 02:00:00,79.19669012613298,8.961599905967416,0.057495787804191366,0.0,2.1573093691175305,9.626904810977878
2016-10-02 02:00:00,79.69801304468501,9.097093003392647,0.056757410324938515,0.0,2.3741448897889383,8.77399165180846
2016-10-09 02:00:00,80.13147019464222,8.422550827307552,0.056538141879964254,0.0,2.1091163870009795,9.280324449169283
2016-10-16 02:00:00,80.9002544620745,8.096889493114304,0.05526170585908278,0.0,2.2948205838577778,8.652773755094332
2016-10-23 02:00:00,80.95284413752958,7.987169503057384,0.053699301827333415,0.0,2.460814777928578,8.545472279657135
2016-10-30 02:00:00,83.8901008408157,6.564338563217201,0.05120536869063127,0.0,2.0251458571521925,7.4692093701242674
2016-11-06 01:00:00,82.9110151658605,6.950927444218712,0.051309674145303394,0.0,2.1655397294609564,7.921207986314545
2016-11-13 01:00:00,83.59338759435315,6.3029036646332735,0.05158726245661902,0.0,2.1336088033671907,7.918512675189765
2016-11-20 01:00:00,84.85471820534389,5.8701752990988,0.04904396646134819,0.0,1.9735113531601765,7.252551175935783
2016-11-27 01:00:00,84.88360649038661,5.797085259997446,0.050117803108672976,0.0,1.9101689086703062,7.35902153783698
2016-12-04 01:00:00,86.28758569065435,4.775568382898278,0.04851752567809735,0.0,1.6557501171048723,7.2325782836643855
2016-12-11 01:00:00,86.26300211428769,4.897676406119528,0.0482682653981522,0.0,1.703460840785779,7.0875923734088575
2016-12-18 01:00:00,86.47633172691994,4.659560523210375,0.047355067606963355,0.0,1.5948475397976871,7.221905142465024
2016-12-25 01:00:00,87.57255031887694,3.840999769023332,0.04212928006164776,0.0,1.3856256909052687,7.1586949411328105
2017-01-01 01:00:00,87.34566983829002,3.936447187203395,0.05611158701802546,0.0,1.3364841556272455,7.32528723186132
2017-01-08 01:00:00,85.95771886338454,5.092640702256719,0.08795960966918981,0.0,1.3645183296868433,7.497162495002698
2017-01-15 01:00:00,84.8112998758647,5.562371983393388,0.09625628685045311,0.0,1.6256313208324995,7.904440533058965
2017-01-22 01:00:00,85.17974517670666,5.509900756094979,0.08568459903256684,0.0,1.416440665215672,7.808228802950122
2017-01-29 01:00:00,85.14828487787169,5.341623381761669,0.08559374111499404,0.0,1.3410217872632761,8.083476211988376
2017-02-05 01:00:00,85.65646982813034,5.152361125852142,0.12686056835584852,0.0,1.2168520711389434,7.847456406522705
2017-02-12 01:00:00,85.46863839830681,5.313433571179976,0.13151889120860966,0.0,1.2357361346618094,7.850673004642775
2017-02-19 01:00:00,85.46659769481906,5.716657128704607,0.12502488282231664,0.0,1.0373951550446916,7.65432513860935
2017-02-26 01:00:00,86.30479026222399,5.621083386138519,0.11628553068163984,0.0,0.98050176107953,6.977339059876327
2017-03-05 01:00:00,84.84370270162938,6.911708120611627,0.10420138406431625,0.0,0.982662954552054,7.157724839142612
2017-03-12 01:00:00,82.08826046438652,8.283445075517887,0.15042788306525037,0.0,0.9972926248512947,8.480573952179048
2017-03-19 01:00:00,72.69943195806947,14.651823153506685,0.2062349538672505,0.0,1.1538978698519509,11.288612064704646
2017-03-26 01:00:00,67.44535661578782,19.508933684585184,0.19168487740416337,0.0,1.4604342967534296,11.393590525469415
2017-04-02 02:00:00,67.1411003919718,17.522729520907856,0.21002595025122112,0.0,3.13629157050807,11.989852566361055
2017-04-09 02:00:00,68.56047183363017,14.36471286396641,0.1968388542200401,0.0,4.812295732205933,12.065680715977432
2017-04-16 02:00:00,66.57724412280392,15.524050907122538,0.1770058489682159,0.0,4.435928876138055,13.28577024496728
2017-04-23 02:00:00,67.01651430429843,14.761884913791784,0.17196073773233397,0.0,4.033376783565702,14.016263260611767
2017-04-30 02:00:00,61.01475105454753,17.69366321664285,0.16721703619517297,0.0,5.66470950423582,15.459659188378627
2017-05-07 02:00:00,55.636056963413395,19.308474793037934,0.1305075923596846,0.0,8.352977252144926,16.57198339904407
2017-05-14 02:00:00,53.77134159212568,15.218648453406795,0.1109938375940806,0.0,15.072828308237224,15.826187808636227
2017-05-21 02:00:00,47.565918606122736,16.483244210303898,0.08722118818749643,0.0,19.1623797658992,16.701236229486668
2017-05-28 02:00:00,48.95818295174475,21.28854770697936,0.15641001946105335,0.0,11.866169464885209,17.730689856929615
2017-06-04 02:00:00,45.91587661352193,22.744003803517774,0.11831248447221117,0.0,12.686734163518798,18.535072934969286
2017-06-11 02:00:00,43.748923477550406,28.40155961415541,0.11857750036209341,0.0,9.02371546324551,18.70722394468658
2017-06-18 02:00:00,38.68644749451192,31.21781833601263,0.11200044006168637,0.0,9.120931715439896,20.86280201397387
2017-06-25 02:00:00,39.171735417037254,27.472670194744374,0.13505657658414325,0.0,10.89679647951101,22.323741332123205
2017-07-02 02:00:00,41.79835107605539,26.715524786030976,0.22897458358681916,0.0,10.181084189984658,21.07606536434216
2017-07-09 02:00:00,43.81130467156832,24.302319630535678,0.22784058280863462,0.0,9.398439147651324,22.26009596743604
2017-07-16 02:00:00,46.71625267736068,22.5587425780901,0.42080869375331603,0.0,9.25218498355272,21.052011067243185
2017-07-23 02:00:00,47.37030133567296,21.94604893799517,0.3256628169526875,0.0,7.594611696272691,22.763375213106492
2017-07-30 02:00:00,49.65891552325218,21.417425508408687,0.35229887748440425,0.011940024905395212,7.187377616009032,21.3720424499403
2017-08-06 02:00:00,47.70525951570821,21.359980906075965,0.2842492152484095,0.011481440544407126,6.31281415290791,24.32621476951512
2017-08-13 02:00:00,47.692327492413064,21.719027651474693,0.23808235520837354,0.03321712615969277,4.957306860236287,25.360038514507867
2017-08-20 02:00:00,47.362387678867094,19.109962544188356,0.21807923917118496,0.0,4.056873094980248,29.252697442793114
2017-08-27 02:00:00,45.807816676555916,20.105338231841692,0.20383934666885598,0.13906222186328393,5.200587245429132,28.54335627764112
2017-09-03 02:00:00,46.00125380707737,20.052189701904897,0.21158390275425212,0.0,5.284710852897666,28.45026173536582
2017-09-10 02:00:00,47.46813321393961,18.844879413817512,0.27462142317092625,0.06657911051417317,5.448666860784245,27.89711997777353
2017-09-17 02:00:00,48.37623458342109,18.839999553039284,0.3608324135047851,0.0,5.536952233356712,26.885981216678132
2017-09-24 02:00:00,47.77915655393697,20.5902199939426,0.3364211046515959,0.05887963589980854,5.185068752889501,26.05025395867952
2017-10-01 02:00:00,48.71504400895671,19.348238900685658,0.2947128243203843,0.08683020129133005,5.123615390775676,26.431558673970244
2017-10-08 02:00:00,49.06292123099528,19.705677223131552,0.2908985012111051,0.10510541518012136,6.133699106166936,24.70169852331501
2017-10-15 02:00:00,54.89459223301232,18.272621429606552,0.24741227267095017,0.08460243349301481,5.615150487157051,20.885621144060117
2017-10-22 02:00:00,58.01510456047302,16.53432265430633,0.2524356394830731,0.07179400909734113,4.695209342650505,20.431133793989734
2017-10-29 02:00:00,56.694017933575466,16.726702276863232,0.2592473826209774,0.06903376269916436,4.590582772146423,21.66041587209473
2017-11-05 01:00:00,61.84504346864451,14.365824301176222,0.2478269007457223,0.08125077819762494,3.92581188722278,19.53424266401314
2017-11-12 01:00:00,52.34561219943939,15.011722919619261,0.2979975173920607,0.08239450922987367,4.038800102071517,28.223472752247915
2017-11-19 01:00:00,55.47082919224149,14.247041192150364,0.2763146343146384,0.07091918484346436,3.7715765085556443,26.16331928789441
2017-11-26 01:00:00,52.18301704663668,15.894989840937432,0.24096069500227318,0.06669312982749127,3.4725843579587687,28.14175492963735
2017-12-03 01:00:00,56.29801333122462,13.541449227061314,0.24762351083368353,0.06274859592544549,2.9991775549097777,26.85098778004516
2017-12-10 01:00:00,60.8696775323975,10.913542154986096,0.19955024983071604,0.06320293051848466,2.28153764781908,25.672489484448125
2017-12-17 01:00:00,56.277781228445804,11.579637237233843,0.1953605297390671,0.07977799084322276,5.041094138176594,26.826348875561468
2017-12-24 01:00:00,43.233406329686375,12.303237257725213,0.22601119909447775,0.08291047809310952,8.0420927977404,36.112341937660425
2017-12-31 01:00:00,38.64646232371796,12.300157873109317,0.2503506505890359,0.13732359276807687,14.499652651044645,34.166052908770965
2018-01-07 01:00:00,36.093852278080135,12.387907966015751,0.18140844553971536,0.2765668964834558,14.69880486216094,36.361459551719996
2018-01-14 01:00:00,32.44098475856706,18.206333593419473,0.1981134613109416,0.2960512875441188,10.50644454647898,38.352072352679436
2018-01-21 01:00:00,34.368544879481696,17.795655588057027,0.2573310215960431,0.2551181710032778,9.682597149030988,37.640753190830964
2018-01-28 01:00:00,34.3667528102522,19.239581851406673,0.28693445183343524,0.2343616789069894,8.436738274615845,37.43563093298485
2018-02-04 01:00:00,34.559812429993755,21.009016098888907,0.497947684659857,0.21577445608603646,7.967645079265953,35.7498042511055
2018-02-11 01:00:00,34.398012850078636,19.84928799185286,0.5276642132396531,0.21575402761241422,9.860471358450035,35.1488095587664
2018-02-18 01:00:00,36.52534474222171,18.505125027135634,0.4335486342881897,0.22533179059887354,9.147258727420265,35.16339107833532
2018-02-25 01:00:00,38.35780084677673,19.043411362124793,0.5166169365488552,0.21017057850120283,8.6306958085537,33.24130446749471
2018-03-04 01:00:00,41.93439107653298,18.103755324396822,0.47862949389139614,0.218134606546569,7.644358943718347,31.620730554913884
2018-03-11 01:00:00,41.38514728908826,18.58554366464357,0.614996091969292,0.20934489940772258,8.598994777846796,30.605973277044363
2018-03-18 01:00:00,43.40087466581115,17.6142174420978,0.7242663191558872,0.2882323432297445,8.060398392941352,29.912010836764065
2018-03-25 01:00:00,44.22187473296686,15.590683668685482,0.6933970441557167,0.39424737787397074,7.568305401215645,31.531491775102328
2018-04-01 02:00:00,44.98605866612089,14.834767215499294,0.8630388283591325,0.4184595484544313,7.6131410813209826,31.28453466024529
2018-04-08 02:00:00,45.15546500344011,14.642042929423296,0.8811047929982398,0.5595654446667745,7.341902679164054,31.419919150307525
2018-04-15 02:00:00,42.56896987806262,15.576872934699605,0.7142377199435828,0.4845886009507032,7.785377339492185,32.869953526851305
2018-04-22 02:00:00,39.302112205099846,15.545944785644142,0.5952953149125352,0.39468783933702156,8.788799148204362,35.37316070680209
2018-04-29 02:00:00,37.06152810242719,15.806647578789418,0.5630308409982356,0.40327693197040115,7.8909058794240785,38.27461066639068
2018-05-06 02:00:00,35.85724390567073,17.335687299547807,0.48322733674782925,0.3505430703425493,7.581958094230261,38.39134029346082
2018-05-13 02:00:00,37.180088103889695,17.511528614505096,0.5661335489053486,0.380322241055593,7.013925251334388,37.34800224030989
2018-05-20 02:00:00,37.36401807406441,18.467968677025375,0.6674549229751712,0.43503404587714506,7.05559631949666,36.00992796056124
2018-05-27 02:00:00,38.18645128014626,17.84041152190208,0.7637437563568596,0.4433977317556294,7.293922938948693,35.472072770890485
2018-06-03 02:00:00,37.92387729870577,17.181191943887754,0.7239572217946401,0.4873660676189491,7.349273734576364,36.33433373341652
2018-06-10 02:00:00,38.185309361977524,17.70865520794832,0.7541928781555642,0.5413657364529267,7.7135214313419835,35.09695538412368
2018-06-17 02:00:00,39.95929510753937,17.854934612371768,0.9354286296808361,0.642509803574934,7.50436345224295,33.10346839459014
2018-06-24 02:00:00,40.98383638769885,18.49551216929426,1.011853879435132,0.6899504331449278,7.498843985652699,31.320003144774144
2018-07-01 02:00:00,42.59967375011392,17.734624132888836,1.0475188580486863,0.6493681666318432,7.097778886337013,30.871036205979706
2018-07-08 02:00:00,42.22106206142934,17.775477226895227,0.9409654264729932,0.5898927350334159,6.944415666368588,31.52818688380044
2018-07-15 02:00:00,43.11103170806209,17.589720638872215,1.0874995542124648,0.5524758005162954,6.909104125414619,30.750168172922308
2018-07-22 02:00:00,45.210915170215344,16.560062217848877,0.9447827897264902,0.4134368969922867,6.352828243039809,30.51797468217719
2018-07-29 02:00:00,47.3327378877268,15.833249571987146,0.8388918417118807,0.46821891184111286,6.028367953660987,29.498533833072077
2018-08-05 02:00:00,47.62509915152485,16.230825202950395,0.958338415805326,0.5215583223546747,6.6365643025370815,28.027614604827665
2018-08-12 02:00:00,50.86450110403161,15.286269838432142,1.139221539104779,0.5252309716488165,5.558391874565443,26.626384672217213
2018-08-19 02:00:00,52.01128639016266,14.102728841105918,1.2872048233519853,0.4457026029884464,6.062222932112628,26.090854410278364
2018-08-26 02:00:00,53.51912337519852,13.053348275266858,1.2880519450822587,0.44421852021650193,5.964292568313128,25.73096531592273
2018-09-02 02:00:00,52.35709363877628,12.688667140042012,1.1543710951964476,0.46116428177421925,5.815648484742874,27.523055359468167
2018-09-09 02:00:00,55.57673279095559,10.455050935851423,1.4297489789543716,0.47196019403909784,5.717694196313892,26.348812903885626
2018-09-16 02:00:00,55.49229081030631,11.169468439814146,1.3609270901876027,0.47497673898023807,5.513033769989929,25.98930315072177
2018-09-23 02:00:00,51.71752521467117,10.967256802053342,1.2457854895492027,0.5147380641416255,10.20413514340791,25.350559286176743
2018-09-30 02:00:00,51.4146281174592,10.647879323279144,1.2650366541089169,0.5287710285447363,10.193633475121342,25.95005140148665
2018-10-07 02:00:00,52.35835780093585,10.59659740957262,1.2854443672261255,0.5605619852433532,8.986456820606978,26.212581616415076
2018-10-14 02:00:00,53.944140280459344,10.142457482502012,1.3241145426542758,0.5552603468733643,8.291556091020452,25.742471256490546
2018-10-21 02:00:00,53.65117175681019,10.059927903585889,0.9748123789576515,0.6087108089305896,8.753341091940586,25.952036059775086
2018-10-28 02:00:00,53.76153841104716,10.055754291945176,0.9166686556245937,0.6050203665662538,8.788273310885762,25.872744963931062
2018-11-04 01:00:00,53.379884357294905,9.957925985794871,0.8573489947934948,0.6023147424704952,8.841973329867784,26.360552589778436
2018-11-11 01:00:00,52.18603511661822,10.264374159779239,0.8298286339897056,0.5861554796151092,9.546893609682757,26.586713000314973
2018-11-18 01:00:00,52.68571328610929,9.806030767891029,0.9434392400075191,0.5518435337168532,10.833526141640746,25.17944703063457
2018-11-25 01:00:00,53.50677757873855,9.273402787162638,1.4012007954938546,0.5272651122519278,11.972790483962507,23.318563242390518
2018-12-02 01:00:00,53.767102605341876,9.006884900185828,1.3651661328423508,0.5072867574956994,11.03849381235269,24.315065791781542
2018-12-09 01:00:00,54.74716270012965,8.637787422000955,1.7091787839400705,0.5581845289428662,11.353065954123112,22.994620610863343
2018-12-16 01:00:00,55.237368346271396,8.590016879225884,1.8275326607986593,0.5855355502803264,11.461830549739819,22.297716013683914
2018-12-23 01:00:00,53.08168241054925,9.229186862516153,1.4269963394947158,0.5873395727089046,11.212002140992627,24.46279267373835
2018-12-30 01:00:00,51.633609105191944,11.088195481586787,1.4821800610568936,0.5915234583328904,11.533148437602955,23.671343456228517
2019-01-06 01:00:00,50.98272337285174,12.354384514121701,1.4458051979769886,0.6039082821607011,11.011043171842472,23.60213546104639
2019-01-13 01:00:00,52.38750771419064,10.761685386248637,1.6124771328641545,0.6401974021983874,11.04936226793062,23.548770096567587
2019-01-20 01:00:00,52.44258391052463,10.478778453667944,1.650093895301631,0.691035957463762,10.940418083904236,23.797089699137796
2019-01-27 01:00:00,52.498798406941404,10.13848915674827,1.696269325720911,0.752714240775165,10.784099189232,24.12962968058224
2019-02-03 01:00:00,53.20609843654432,9.992670119947416,1.7474508497448482,0.7684263642690884,11.039069259801797,23.24628496969253
2019-02-10 01:00:00,52.87811409286706,10.276388881998026,1.6617538780869128,1.0267481901189468,10.523143740553387,23.633851216375675
2019-02-17 01:00:00,52.68440726156619,10.680007440528282,1.6784270374689425,1.0659385070212508,10.272346342557913,23.61887341085742
2019-02-24 01:00:00,51.563474628005466,11.820082824371072,1.4448578768216207,1.0801252833741521,9.758514716850875,24.332944670576808
2019-03-03 01:00:00,52.03110747602102,10.862084119521715,1.5646148735184218,1.2823765363406783,10.003713205836517,24.25610378876165
2019-03-10 01:00:00,51.57536170949791,10.749677090766594,1.4880092293492355,1.5211833762020697,9.63139711444519,25.034371479738986
2019-03-17 01:00:00,50.60666059413088,10.64069227559549,1.4377101868499715,1.6142097289396897,9.43359489894997,26.267132315534003
2019-03-24 01:00:00,50.473033298953496,10.35336889600098,1.4470435735464382,1.5286441612492945,9.24735663110465,26.950553439145132
2019-03-31 01:00:00,50.22754249413855,10.407086793539849,1.408843104861994,1.6532656855182164,8.988039199932842,27.315222722008563
2019-04-07 02:00:00,50.48053855446687,9.918404949156262,1.1802410964805619,1.5219089933265104,8.365531233672378,28.53337517289742
2019-04-14 02:00:00,52.01797753188436,10.05593225414892,1.4096949033912043,1.528280524457206,7.885235979496828,27.102878806621472
2019-04-21 02:00:00,52.108337063865505,10.164161838930282,1.4292473876645073,1.9436792295739822,7.630642266128712,26.723932213837
2019-04-28 02:00:00,54.35717433312676,9.785393389926867,1.6533441899143366,1.8394985175943814,7.280234838118628,25.08435473131902
2019-05-05 02:00:00,55.77287037036055,9.411100317249504,1.5051146180660062,1.750448101401032,6.939545359001964,24.62092123392095
2019-05-12 02:00:00,58.69383861843646,9.50914574940568,1.2811212830582932,1.3663808334579532,6.253533778088928,22.895979737552675
2019-05-19 02:00:00,56.324217567036996,10.857269066344992,1.2364532109248567,1.7488300897720708,6.861486195177652,22.97174387074343
2019-05-26 02:00:00,56.836697632481126,10.641587573565232,1.2210613381932873,1.9610429469445383,6.487885751395063,22.851724757420737
2019-06-02 02:00:00,56.07754269821215,10.398127768429642,1.1598892285238753,1.7215671802910064,6.705010924396766,23.937862200146554
2019-06-09 02:00:00,55.52979358575091,10.284067276199751,1.2794236072100975,1.7802238606639094,6.857009108049475,24.269482562125873
2019-06-16 02:00:00,56.643583627568994,10.323161237561544,1.2470415528417333,1.6679772456709656,6.297748958385853,23.82048737797092
2019-06-23 02:00:00,58.512122699719846,10.170107834677253,1.0838422641238583,1.6443330830170595,6.2242644106521565,22.365329707809813
2019-06-30 02:00:00,61.830494836212104,9.922226694641411,1.0461332117202988,1.4493499079345569,5.305867991817436,20.445927357674204
2019-07-07 02:00:00,62.29056515377586,9.60048187143348,1.158005040816881,1.4407249681371672,5.189974421815663,20.320248544020973
2019-07-14 02:00:00,65.11904501869775,9.232148413191368,1.2525679506403427,1.4257378246088486,4.551844831546932,18.418655961314787
2019-07-21 02:00:00,65.34686004784831,8.3269108642329,1.3790465480364607,1.633473218804743,4.860419499755945,18.453289821321658
2019-07-28 02:00:00,64.43094705583428,8.46296094792844,1.528690445788489,1.6434392409923768,5.055773549305085,18.87818876015135
2019-08-04 02:00:00,66.52041850754719,8.215285110499417,1.3921924163161916,1.4942261496759466,4.675878538341785,17.701999277619475
2019-08-11 02:00:00,68.93939862425466,7.538677301242286,1.3754812274038166,1.5700928020753253,4.362223416236899,16.214126628787014
2019-08-18 02:00:00,68.8887106906039,7.527411442299357,1.5225848807731888,1.6119350020322818,4.290890070029728,16.15846791426153
2019-08-25 02:00:00,68.43313077377583,7.721820399576994,1.5282367647092145,1.551067378122834,4.397789595142903,16.367955088672225
2019-09-01 02:00:00,69.0718367024872,7.4321572984997015,1.61136352255618,1.3242618930578969,4.46294656265003,16.097434020749006
2019-09-08 02:00:00,70.36602470797023,7.175547422888435,1.5199441958881443,1.3097675093240646,4.182748038180886,15.445968125748259
2019-09-15 02:00:00,69.76773800057816,7.618925082093033,1.544015164571038,1.2310353546833115,4.2248544886430945,15.613431909431362
2019-09-22 02:00:00,67.5294905463068,8.732514970093215,1.5449334884526105,1.2296347019505165,4.677169617525714,16.28625667567114
2019-09-29 02:00:00,67.80080608247467,8.630047520625286,1.8872586772913658,1.12960948276173,4.7829636850180774,15.769314551828877
2019-10-06 02:00:00,67.1594702705107,8.734687830433153,1.8853362503410174,1.1216850017805897,5.007238528571253,16.09158211836329
2019-10-13 02:00:00,66.95233077303226,8.71995363313545,1.8433923846372613,1.194085347358147,5.263717944773112,16.02651991706375
2019-10-20 02:00:00,66.2021521578537,8.610544524870908,1.9015288497306053,1.2997420026767852,5.832417832363419,16.15361463250458
2019-10-27 02:00:00,68.2291869251938,7.993816538898758,1.6857358793952077,1.2026190980252045,5.216367245214483,15.672274313272544
2019-11-03 01:00:00,67.47179489433601,7.992041764122687,1.6508468151849482,1.2628333083874292,5.137544394235703,16.484938823733213
2019-11-10 01:00:00,66.24671146850861,8.364830660685618,1.7147022418697286,1.280117778950728,5.052039117988757,17.34159873199654
2019-11-17 01:00:00,65.89857604957942,8.498553062886362,1.76580627936545,1.3457780455566228,4.880012021051315,17.611274541560842
2019-11-24 01:00:00,66.01047884981345,8.245364017412408,2.0512133347651957,1.260961209241895,5.052547235108902,17.379435353658142
2019-12-01 01:00:00,66.68105408091783,8.066856412502496,2.0056832868005214,1.1889418646585623,4.7793538599291825,17.278110495191402
2019-12-08 01:00:00,66.91743218728263,7.9302840893922895,2.028268674500337,1.193830894019969,4.8475719707925835,17.08261218401219
2019-12-15 01:00:00,66.4343285873241,8.02351605234122,2.1303665255529314,1.1620180492244891,4.856359696927448,17.39341108862983
2019-12-22 01:00:00,68.35796408915942,7.3332451126707054,2.170776417678805,1.0928199249088195,4.413308444074252,16.631886011507994
2019-12-29 01:00:00,68.4864397962517,7.246502836707864,2.1338855240816086,1.1037577640882315,4.336603842930078,16.692810235940527
2020-01-05 01:00:00,68.12721721768365,7.475734943219887,2.092320600327509,1.0933206402617177,4.266210448085038,16.94519615042218
2020-01-12 01:00:00,68.03864326491919,7.293724475159102,2.1677601286023753,1.0838916293978935,4.2956418985852745,17.12033860333619
2020-01-19 01:00:00,66.30278759068821,7.8402064262659525,1.8979279253896555,1.131465268710792,4.337430194130417,18.490182594814968
2020-01-26 01:00:00,66.18570433472037,7.670976828041061,2.0267452387034677,1.1482883724646116,4.175286200100585,18.79299902596993
2020-02-02 01:00:00,65.89386392749842,7.758604848115135,1.7934921010454699,1.0956082864063168,4.068619200493788,19.389811636440875
2020-02-09 01:00:00,63.78160777443222,8.693645170856282,1.6482929037820022,1.2022549932097455,4.2969937328494465,20.377205424870304
2020-02-16 01:00:00,61.962817015045204,9.974082384780589,1.5983859924285526,1.2926280461612198,4.614957715564118,20.557128846020333
2020-02-23 01:00:00,62.866719312810915,10.27866570116958,1.6607710772429722,1.221671480085568,4.307394603928731,19.664777824762215
2020-03-01 01:00:00,64.04964471178045,9.867932781234957,1.9031698388653178,1.2326116904597877,4.13306580964068,18.81357516801881
2020-03-08 01:00:00,63.48630252033287,10.143372053762752,1.816672675916381,1.2242348080064915,4.044963199733082,19.284454742248425
2020-03-15 01:00:00,63.52184964781573,9.100893394873141,3.1260553571341028,1.0612831202237105,4.343546169263146,18.846372310690164
2020-03-22 01:00:00,64.92566705177308,8.39620969472567,2.6751451140898332,1.0792716690023996,3.9791412617388096,18.9445652086702
2020-03-29 01:00:00,64.89815365174941,8.223760576973396,2.6359351917817984,1.0802544701598686,4.3982084480138965,18.76368766132163
2020-04-05 02:00:00,65.21102572717234,8.320200069974618,3.207855049733748,1.1137077847691417,4.137432581940653,18.009778786409502
2020-04-12 02:00:00,64.12996653208472,8.930359693852857,3.2371489820687405,1.0956516675666474,4.229481178268975,18.37739194615805
2020-04-19 02:00:00,63.345373756207934,9.848249999142043,3.028310425931487,1.229901398785466,4.086713326088327,18.461451093844744
2020-04-26 02:00:00,63.57121497651627,9.901913229319709,2.9295032882330876,1.1620871259597847,3.938973309540051,18.496308070431073
2020-05-03 02:00:00,65.44144788696542,9.459560896983698,2.53222349943977,1.0847831158354604,3.9172486910062525,17.56473590976939
2020-05-10 02:00:00,67.07744177816126,8.91674982917046,2.4365358028677018,0.9980531652611769,3.6421397355250407,16.929079689014355
2020-05-17 02:00:00,65.69406267884804,8.496268497866007,3.3697378430771128,0.9529039266054414,3.371688020742757,18.115339032860632
2020-05-24 02:00:00,66.02640885616758,9.027714909709527,3.45137933430047,1.004759215279471,3.4221546812223753,17.06758300332059
2020-05-31 02:00:00,65.224892822106,9.854161044834822,3.221170496007239,1.0074024881363568,3.327147910009954,17.365225238905623
2020-06-07 02:00:00,64.69421253393973,9.808863071034441,3.349946101461114,0.9942963056245346,3.269622586102141,17.883059401838043
2020-06-14 02:00:00,64.71810291085772,9.868307304005512,3.4159077883730937,0.9708991829939552,3.163331405250435,17.86345140851929
2020-06-21 02:00:00,64.81342298505326,9.626843667342534,3.4616299723450323,0.9418579472626482,3.1458421194188664,18.01040330857766
2020-06-28 02:00:00,64.95974743807761,9.685975476514649,3.5989931285181194,0.9205474670891837,3.0519059771235217,17.782830512676913
2020-07-05 02:00:00,64.2307331424016,9.763475832224614,3.5074705103554407,0.9233565776122993,3.007209814083673,18.567754123322377
2020-07-12 02:00:00,62.489467736096756,9.815081726543275,3.3745303002686606,1.0052455224495638,3.26765041497828,20.04802429966347
2020-07-19 02:00:00,62.14049400905148,9.689201631385146,3.3766185733894125,0.9798624239976492,3.2502323010692793,20.563591061107015
2020-07-26 02:00:00,60.50902099063708,11.52643548018859,3.382099460498568,0.9669770365468153,3.251283543210523,20.364183488918417
2020-08-02 02:00:00,61.507760274139244,12.2456384926516,2.8190326731923494,0.8817979868111612,3.6755021602181097,18.87026841298754
2020-08-09 02:00:00,60.55804386886048,12.405758031018701,2.79248765996238,0.921457792962933,3.693616555959179,19.628636091236316
2020-08-16 02:00:00,58.72650643162988,13.0312118634028,2.6822439904607633,0.8903842460013747,3.6080324703810644,21.061620998124113
2020-08-23 02:00:00,59.12694793618919,12.193834765346717,2.7414297924660853,0.8785335897137649,3.538884622055493,21.520369294228754
2020-08-30 02:00:00,58.42300163352427,12.365170640506982,2.758741807896189,0.9140911209618112,3.396857218615624,22.14213757849512
2020-09-06 02:00:00,58.495944612429696,11.657796681124633,4.399597214399653,0.8698412425542623,3.324376965062006,21.25244328442975
2020-09-13 02:00:00,56.07809226857976,12.659012868593846,4.268124666941465,1.190210769456196,3.2397408052406678,22.56481862118806
2020-09-20 02:00:00,57.8943257152684,12.2660297380957,4.301740132094636,1.1084337372105941,3.19732644107523,21.232144236255447
2020-09-27 02:00:00,58.12818241920402,11.708561571676466,4.479186276722913,1.105334446583031,3.191158649139879,21.387576636673685
2020-10-04 02:00:00,58.287006281871236,11.677015625627167,4.6560476267379585,1.2162377908221358,3.142901274070161,21.02079140087134
2020-10-11 02:00:00,58.426824205744474,11.706271333404471,4.393134150493148,1.1463474109648375,3.2070792797512535,21.120343619641815
2020-10-18 02:00:00,58.98903685469271,11.69285234255684,4.436712424111822,1.2248261049835032,3.0566926904651406,20.599879583189978
2020-10-25 02:00:00,60.98333753128138,11.721615814948965,4.082404298295268,1.111197907653907,2.910672656305907,19.190771791514553
2020-11-01 01:00:00,63.53131012386181,10.91243142238258,4.152948348163013,1.0215427521887703,2.7054409404999773,17.676326412903855
2020-11-08 01:00:00,63.907323326139085,11.469404192085008,3.9997624122362097,0.927185961280644,2.6258136198020363,17.070510488457014
2020-11-15 01:00:00,64.61648063810136,11.294563035048803,3.8719442005597084,0.8744241260530555,2.6479939612264842,16.694594039010596
2020-11-22 01:00:00,63.86483666439455,11.55790839673689,3.389810886658018,0.8147214852060244,3.9519723026356055,16.420750264368905
2020-11-29 01:00:00,61.997982719844956,11.543322091789971,3.5896038519452,0.7953334542555904,5.3752157694039555,16.698542112760332
2020-12-06 01:00:00,62.70110164645624,12.027664752508327,3.456488478944904,0.7562800790718269,4.71561919768502,16.34284584533369
2020-12-13 01:00:00,63.64828025634404,11.779557854226574,3.604113002858971,0.742588238172491,4.203501427807296,16.021959220590645
2020-12-20 01:00:00,65.67973778743304,11.119166956187804,2.990353161026732,0.712730787602484,3.8743233104121493,15.623687997337784
2020-12-27 01:00:00,70.26697098702138,10.362083288506932,2.9496799319487117,0.6904893692974651,1.90006559201488,13.830710831210624
2021-01-03 01:00:00,71.89298981818642,10.656862967218093,2.5525327518179948,0.6661573575851701,1.2055025968817272,13.025954508310598
2021-01-10 01:00:00,69.15640466184571,13.538787373076836,2.1804079413422985,0.5880641254166028,1.3780423879883235,13.15829351033023
2021-01-17 01:00:00,65.89699486758792,13.75763113242109,2.4001017149529824,0.6008781168359512,1.2472184550307872,16.09717571317128
2021-01-24 01:00:00,63.191015772676415,14.973569901344023,2.647880312199127,0.6710025253476288,1.3102511001595196,17.206280388273292
2021-01-31 01:00:00,62.33297428644177,15.416324838650713,2.5895711273483757,0.6793210340657609,1.942273416868728,17.03953529662467
2021-02-07 01:00:00,60.73643851502404,16.06027417312765,2.365448711278086,0.9406265711465263,1.667044325711341,18.23016770371235
2021-02-14 01:00:00,59.76107778683703,14.13664752072158,2.1472935453284205,1.4025759258003698,1.948322504841527,20.604082716471073
2021-02-21 01:00:00,61.24870473415061,12.831652670506784,2.0075348340438923,2.291363165749163,1.367634879355928,20.253109716193627
2021-02-28 01:00:00,60.162022494926525,11.709377001098195,2.4638598094485475,2.430454196645373,1.3886331872671376,21.84565331061422
2021-03-07 01:00:00,60.298394712855455,12.583352646212456,2.3994373315457915,2.3089078950480015,1.3940352555154494,21.015872158822855
2021-03-14 01:00:00,62.00360670469727,12.006685434204755,2.0760194748850886,2.319730332106623,1.1340159408412531,20.45994211326502
2021-03-21 01:00:00,60.4341660158893,11.534092847994172,2.1988358657403366,2.262885369507214,1.3316133109824602,22.23840658988653
2021-03-28 01:00:00,59.60046536461687,11.270506522463384,2.288368928458711,2.3797661698396424,1.423558168517826,23.03733484610356
2021-04-04 02:00:00,56.89876592713574,12.319769757450489,2.2552053739709645,2.6257201270969652,1.406226050618835,24.49431276372701
2021-04-11 02:00:00,54.71998416895314,12.039393326165367,2.170602102898815,3.559614779725813,3.021895596539376,24.488510025717495
2021-04-18 02:00:00,51.644897832637696,12.333743127949651,2.1995926549145657,3.631771202752453,3.2350141605956826,26.954981021149944
2021-04-25 02:00:00,51.23552615081175,14.032343965295247,2.706740134168272,4.181062027185282,2.587809287748149,25.256518434791303
2021-05-02 02:00:00,48.24097680532844,15.218000127428674,2.2952263719993313,4.235467826020506,3.3482544621948747,26.662074407028165
2021-05-09 02:00:00,44.750620837932686,18.298262624670095,2.243603360276864,4.023931357077173,2.231015016044372,28.452566803998813
2021-05-16 02:00:00,40.07808615613317,19.329264067451998,2.6738779946217206,3.969371391566511,2.4063565331047636,31.543043857121827
2021-05-23 02:00:00,44.636663450789115,16.988805054324942,3.8336747151175024,2.917709536746703,2.631799952236548,28.991347290785185
2021-05-30 02:00:00,43.392010232292634,17.675002728442816,4.1302933073613515,3.1268203399277485,2.564690523957178,29.11118286801826
2021-06-06 02:00:00,41.22095997890957,18.897735302212602,3.858824423562171,3.711752673924909,2.6341363810523446,29.67659124033841
2021-06-13 02:00:00,43.79083233679331,18.1222325313825,4.130526725040549,3.4662666839551632,2.5288800501251796,27.961261672703312
2021-06-20 02:00:00,45.20431477462763,17.11571843836829,4.241275403049005,3.4837525359238333,2.375905386263554,27.579033461767676
2021-06-27 02:00:00,46.563622841745364,16.369920815101008,4.831587799118518,3.3007489761927378,2.180728658610776,26.753390909231577
2021-07-04 02:00:00,45.344277169266526,18.117602128402496,4.350084909920876,3.1864737362574447,2.163995536617275,26.83756651953538
2021-07-11 02:00:00,45.26795628739776,17.768006059671883,4.477370641243949,3.4947848258505796,2.079713452310881,26.912168733524943
2021-07-18 02:00:00,46.95263549179264,17.625361880076287,4.925820053224933,3.6581835653263046,2.1398738171580116,24.69812519242183
2021-07-25 02:00:00,45.89856972242535,18.223717254107555,4.410461982154095,3.6059917214333796,2.00901342576982,25.852245894109803
2021-08-01 02:00:00,47.36834244780515,18.024106796408123,3.7796496505528845,3.4013630042304523,2.0997043223157528,25.32683377868764
2021-08-08 02:00:00,45.5740660364566,20.127298288324823,3.3920516356499757,3.266320090051706,2.069157446653085,25.571106502863827
2021-08-15 02:00:00,44.27282537962103,19.154113216280862,3.166621168427887,3.444710205497602,2.9991942771932076,26.962535752979417
2021-08-22 02:00:00,44.09309860483841,18.185990864336944,3.107779663314037,3.6332629929455926,2.7278237552877624,28.252044119277265
2021-08-29 02:00:00,43.686876935134954,18.104475851602338,3.114768775700404,3.881634116892305,2.5315827894994873,28.68066153117051
2021-09-05 02:00:00,41.38221865338263,20.120876365294002,2.9419058558127595,3.6825333259015776,2.576787704887325,29.2956780947217
2021-09-12 02:00:00,41.18633966969467,18.615526347011045,3.3085696867956824,3.3003219015599043,2.439505157077008,31.149737237861697
2021-09-19 02:00:00,42.212974128480326,18.733739395049128,3.171620827222525,3.205644293375294,2.3293738579041676,30.346647497968565
2021-09-26 02:00:00,42.39075289942935,18.169914928513744,3.6132067805716503,3.1046351753561967,2.32037921791402,30.401110998215024
2021-10-03 02:00:00,42.49553021525792,18.958495927018284,3.212694008146976,3.424763345034284,2.31027967433014,29.5982368302124
2021-10-10 02:00:00,44.56691513320697,18.13335539990636,2.9477638193225078,3.0499195677985904,2.3374722503639167,28.964573829401658
2021-10-17 02:00:00,46.37044787413729,18.233667294592326,2.7813662831243113,3.1523409664712,2.1481580467769623,27.314019534897916
2021-10-24 02:00:00,45.26786239631208,19.302799949008964,2.7217245638017755,3.17077652056175,2.0109092340661947,27.525927336249232
2021-10-31 02:00:00,44.48553902492577,19.40490233467634,2.669597661268431,3.3564916233928286,1.9367422315626788,28.146727124173953
2021-11-07 01:00:00,42.519317952565785,19.559788939031023,2.6360475015447986,3.887685226092029,1.9862132645722994,29.410947116194063
2021-11-14 01:00:00,43.03986138264727,19.42434318043763,2.6131906640447573,3.832600682265038,1.9851322619423308,29.104871828662976
2021-11-21 01:00:00,42.333335324575536,19.624126630251226,2.744761525233288,3.7864127638657568,1.941216451258032,29.570147304816167
2021-11-28 01:00:00,41.75424176311313,19.583240124484995,2.9633521337826174,4.030870601569169,1.8031227007541184,29.865172676295987
2021-12-05 01:00:00,40.1411471449552,21.129195417150008,3.192182671160002,4.1104765231048885,1.7353572465415568,29.691640997088353
2021-12-12 01:00:00,41.00867642281101,21.307929904154925,3.3462551244144545,4.142566730328472,1.7447349326699293,28.449836885621217
2021-12-19 01:00:00,40.176574340664125,21.329719404846344,3.4612483760542183,4.0429054601762,1.773969161384098,29.215583256875018
2021-12-26 01:00:00,40.21609879724284,20.51347846761255,3.2726858716300473,3.8527835848278915,1.8465528695888183,30.29840040909784
2022-01-02 01:00:00,40.03896753788456,19.902657935123997,3.479024192436779,3.9033592626350067,1.792676698521068,30.883314373398584
2022-01-09 01:00:00,40.588024449973375,18.917082212817316,4.031905417058134,3.686217977976879,1.8275791817483764,30.949190760425903
2022-01-16 01:00:00,39.48268204282812,19.18392342984112,3.7930638840554844,3.984919750455096,1.798920860068973,31.756490032751216
2022-01-23 01:00:00,41.378240321825125,17.89750904271616,4.881980243288156,3.6858182375394586,1.772611683630196,30.383840471000912
2022-01-30 01:00:00,41.738407658858826,17.906175516015384,4.514690173491562,3.7053607202106216,1.7009928657624278,30.43437306566118
2022-02-06 01:00:00,41.45219394528975,19.02266922553442,4.113799528794307,3.6139357392628484,1.6849197508272604,30.11248181029141
2022-02-13 01:00:00,42.26564327509099,18.403415875874803,4.148164681394655,3.513998366855143,2.0737653381404173,29.59501246264401
2022-02-20 01:00:00,41.9154408467804,18.214759883786133,4.354743726287826,3.639983178257548,2.173272618453681,29.701799746434425
2022-02-27 01:00:00,41.667675970222426,18.707434052317414,4.472821711845871,3.464297391344816,2.0190281756491655,29.668742698620328
2022-03-06 01:00:00,42.15913407620675,18.008801015902197,4.496624496775737,3.58409471434984,2.04366232719996,29.70768336956552
2022-03-13 01:00:00,42.44730001660464,17.749628043332084,4.613598187169829,3.5392044014108905,2.1754619800104384,29.474807371472096
2022-03-20 01:00:00,42.15782922629276,18.63798192913622,4.232471940704153,3.4730179202497395,2.0778674879808166,29.420831495636314
2022-03-27 01:00:00,42.015087273533894,18.775432376546185,4.042835816062525,3.413747096396796,1.9914044748725792,29.761492962588036
2022-04-03 02:00:00,40.91809386506799,19.458035143742926,3.8557973807486925,3.3887740475380053,1.8622120197855192,30.517087543116876
2022-04-10 02:00:00,40.899363184764525,19.723044687547116,4.155067586387322,3.544204516404476,1.8460667864662452,29.832253238430294
2022-04-17 02:00:00,40.76328498915716,19.558809868704287,4.389202610283561,3.65725789311675,1.9991182518578958,29.632326386880358
2022-04-24 02:00:00,40.90429810113906,19.275417152971226,4.525794940674889,3.5676314169989043,1.8537189064249222,29.87313948179099
2022-05-01 02:00:00,42.37841456421137,19.455192191335303,4.911640402165347,3.6412373302000005,1.6663074848636747,27.947208027224296
2022-05-08 02:00:00,41.66250635537238,19.64095395394564,5.135830517277527,3.682967037575863,1.7352621795914074,28.14247995623718
2022-05-15 02:00:00,44.3810105265754,19.238096443180684,5.93812057621637,3.7580330140729994,1.5963170804217905,25.088422359532757
2022-05-22 02:00:00,44.491352942438546,18.94506603660196,5.811014462412345,4.044232420443381,1.59066243118531,25.11767170691846
2022-05-29 02:00:00,45.704845545007174,17.92333462749503,5.994082952414358,4.151784032285847,1.5441452124196395,24.681807630377957
2022-06-05 02:00:00,46.11505673285042,17.699447138391953,5.879051549454662,3.9869113941657375,1.5410649777613754,24.778468207375862
2022-06-12 02:00:00,47.485730774442295,16.265805597600117,6.3576798426433605,3.8630292705297222,1.5253814830162427,24.50237303176826
2022-06-19 02:00:00,43.01029486860442,14.303989039955104,8.11538621532271,3.8299661178040982,1.7695032116881309,28.97086054662555
2022-06-26 02:00:00,42.44284715939787,15.603271470293498,6.92537427035375,4.056164942883108,1.839318938162234,29.13302321890955
2022-07-03 02:00:00,42.1738501179444,14.867930249507802,7.598859127284093,4.088936641667835,1.7521415143815868,29.518282349214275
2022-07-10 02:00:00,43.07008524280863,15.447920015810768,6.892706665006794,4.150356660713365,1.742495790725413,28.69643562493503
2022-07-17 02:00:00,41.871773444052685,17.02023961391727,6.813798603897705,4.216931701318108,1.75474557190483,28.3225110649094
2022-07-24 02:00:00,41.68343954687625,18.309662507456373,6.395798099334628,4.066401524913911,1.6883240349238482,27.856374286494994
2022-07-31 02:00:00,41.361034459861294,18.89843406123008,6.047128445330658,4.246178206344629,1.7156292689589883,27.731595558274357
2022-08-07 02:00:00,40.337210124045335,18.945577594946307,6.109869351536278,4.672214505875499,1.6508634177433184,28.284265005853236
2022-08-14 02:00:00,39.888650177446834,20.638687182419897,5.726867587465946,4.463566006645091,1.586190418382167,27.696038627640068
2022-08-21 02:00:00,40.15786606034944,19.09061862461153,6.702026284918006,4.540415314208093,1.6533557918085824,27.855717924104344
2022-08-28 02:00:00,39.621916148931916,18.818912103242198,6.979739800724613,4.631076934044706,1.7163784585952413,28.231976554461326
2022-09-04 02:00:00,38.8844983785149,19.493013208697782,6.920029473603549,4.59077251934197,1.678015494487527,28.433670925354278
2022-09-11 02:00:00,39.06621936019381,20.445670345503444,6.359052225896559,4.5086238961854335,1.6773524552752457,27.943081716945507
2022-09-18 02:00:00,39.399452888775656,18.386987022250743,6.942573187258715,4.604055762961978,1.9191245383558455,28.747806600397062
2022-09-25 02:00:00,38.92822411695091,17.324190773733346,7.291621886667017,4.762267028507992,2.614007097762249,29.07968909637851
2022-10-02 02:00:00,39.56665519265965,17.19289109620718,7.263920738508871,4.878942633822062,2.5343964422705123,28.563193896531708
2022-10-09 02:00:00,39.63275355804678,17.183926352364555,7.274843743272054,4.747987695882621,2.744824315213677,28.415664335220303
2022-10-16 02:00:00,40.10007136072326,17.167894872528475,7.503500116327995,4.747887867856201,2.6378276430068204,27.842818139557266
2022-10-23 02:00:00,39.90598027430271,17.41520508565471,7.4127952183899195,4.685593585743035,2.514548108542959,28.06587772736667
2022-10-30 02:00:00,39.00733400545454,19.35033964200769,6.735482526506545,4.751496454453942,2.3001239538694755,27.855223417707816
2022-11-06 01:00:00,38.651438649677736,18.84174685532359,6.561007535567185,5.285005162195828,2.3430077239164038,28.31779407331926
2022-11-13 01:00:00,38.17023655831639,18.175024890340257,7.964840824885639,5.343834051630036,2.160406833253679,28.185656841574
2022-11-20 01:00:00,38.43403228290876,17.84774592024971,7.886357460145282,5.216683396533119,2.3161547721508597,28.29902616801227
2022-11-27 01:00:00,37.88616998658361,17.67054892167318,7.823307946959789,5.96445370171337,2.3887133424078817,28.266806100662162
2022-12-04 01:00:00,38.347364087770295,17.949012743666287,7.721531317217659,5.483629552016163,2.301434601545539,28.197027697784062
2022-12-11 01:00:00,38.5632414840728,18.14281601495625,7.692598124980335,5.396143566829796,2.2814895207585137,27.923711288402313
2022-12-18 01:00:00,39.85950893427269,17.93750204046793,8.149956344144883,4.786110622184646,2.2037045440594936,27.06321751487036
2022-12-25 01:00:00,39.95192530704574,18.41660789747736,8.164133172523083,4.822728978595602,2.185052026823487,26.459552617534715
2023-01-01 01:00:00,40.03916622838796,18.408621763947128,8.326815697439194,4.953234857785641,2.151127402920515,26.121034049519565
2023-01-08 01:00:00,39.59748056134088,18.7644306291155,8.037574292413545,5.068964239102008,2.111400108186976,26.4201501698411
2023-01-15 01:00:00,41.015493632275835,19.262439510437396,6.7279448209997845,4.957594693556986,2.035730633851068,26.000796708878944
2023-01-22 01:00:00,42.32772254205716,19.20567940493814,6.413211976097218,4.5568615700095485,1.9770385024187747,25.51948600447917
2023-01-29 01:00:00,42.32715238011768,18.348733657929476,6.437411575377748,4.6103717081350775,1.976940184303743,26.299390494136276
2023-02-05 01:00:00,41.51457285640556,18.826493219123336,6.278181014551028,4.816524626983182,1.927897170503707,26.636331112433194
2023-02-12 01:00:00,41.31445333520972,18.454084671918153,6.691974470249401,4.803252338208768,1.910349097432477,26.82588608698146
2023-02-19 01:00:00,42.557892009434326,18.530873328944395,6.293399761007931,4.475095288697713,1.7943125918791707,26.348427020036482
2023-02-26 01:00:00,42.25710686963024,18.436769658044803,6.689294917682775,4.510336363236962,1.8198778730446254,26.28661431836059
2023-03-05 01:00:00,42.201426013989405,18.751254421853684,6.977888084964262,4.469604058659913,1.8622412948988087,25.737586125633932
2023-03-12 01:00:00,41.85280693074211,19.056422258328382,7.629331731652868,4.60996589976563,1.9633202520060111,24.888152927505015
2023-03-19 01:00:00,45.48444317359087,18.831435348521666,6.6653939122900585,4.569122313639231,1.6652802366328294,22.784325015325354
2023-03-26 01:00:00,46.297157879652985,18.590713963652423,6.890366051649561,4.43780132727963,1.9737620306766255,21.81019874708877
2023-04-02 02:00:00,46.393872859300544,18.49435308965396,6.7199156367246315,4.192075815588993,2.2217392123644055,21.97804338636745
2023-04-09 02:00:00,45.98302652897921,18.950953451065534,6.824149961943638,4.171873773730688,2.2232215846773222,21.84677469960361
2023-04-16 02:00:00,46.0999380828944,19.751745566809422,6.363881068210558,4.084240021892699,2.116834477442992,21.58336078274993
2023-04-23 02:00:00,45.86008250155691,19.224770356385886,6.937059295418889,4.408356065073129,2.0837253274834175,21.48600645408176
2023-04-30 02:00:00,46.922909560367174,19.045653570265948,6.773863381416405,4.160739430237212,2.051708149285619,21.04512590842765
2023-05-07 02:00:00,47.151221211640326,19.26359345253337,6.926989438361546,4.237857515065457,2.006603888524803,20.413734493874518
2023-05-14 02:00:00,46.31318501537057,19.689807606223663,7.393296700430002,4.326966731388793,1.965478417809153,20.31126552877782
2023-05-21 02:00:00,46.41998725042643,19.336563135782033,7.326836522046953,4.27753000000974,2.1492770698200983,20.489806021914745
2023-05-28 02:00:00,46.25731500006589,19.55405890050673,7.385368571518279,4.256980994492196,2.1799307679731292,20.366345765443793
2023-06-04 02:00:00,45.9179413768813,19.899252528261357,7.273476993982358,4.1807159373412475,2.361324029448344,20.367289134085393
2023-06-11 02:00:00,47.590225080295184,19.993527533608983,7.913483899630869,3.5358691484427447,2.5069196916447885,18.459974646377436
2023-06-18 02:00:00,48.113225436715524,19.41883333985209,7.813462248200251,3.565306345484989,2.332784519829348,18.7563881099178
2023-06-25 02:00:00,50.131648924204995,19.06335365742059,7.0381238431918565,3.1182833615837047,2.153041431699189,18.49554878189966
2023-07-02 02:00:00,49.512461396528515,19.287071142117927,6.948574521823793,3.2193885245654768,2.0627320811316663,18.969772333832633
2023-07-09 02:00:00,49.8919792496545,19.01617164884061,7.0700233801500865,3.1226884421300696,2.0853672873150377,18.813769991909705
2023-07-16 02:00:00,48.46088581289999,19.113633016567395,6.885141391708125,3.221460570113415,3.0855609756894964,19.233318233021578
2023-07-23 02:00:00,48.58936016336344,18.822155810225926,7.032792575120241,3.11164774392949,3.233432397050799,19.2106113103101
2023-07-30 02:00:00,48.08878463050117,19.045366701614082,7.062897658906126,3.1444801390204806,3.164153322860376,19.494317547097776
2023-08-06 02:00:00,48.624647270431886,18.979621001321227,7.215321425073999,3.217751111582775,2.853081928324997,19.109577263265116
2023-08-13 02:00:00,48.73210447478334,18.91663287265246,7.098588683779819,3.147642908372636,2.8190985475581103,19.28593251285364
2023-08-20 02:00:00,48.08066714827171,18.999607633850058,7.84188569632592,3.160708624402988,2.5993817045942027,19.317749192555123
2023-08-27 02:00:00,48.28582183809296,18.872871880024682,7.897071776062427,3.174467031760584,2.6414927873138567,19.12827468674551
2023-09-03 02:00:00,48.32286660270152,18.8762968282236,7.951667963852997,3.164671581425575,2.5361960181651657,19.148301005631154
2023-09-10 02:00:00,48.339197143943125,18.837376467775364,7.952665549050948,3.1581178328914903,2.56292458218868,19.149718424150382
2023-09-17 02:00:00,48.84996161115321,18.5483587635872,7.837251352203246,3.1201380937108114,2.5081045782304705,19.136185601115073
2023-09-24 02:00:00,49.12527010700135,18.168023466731697,7.888902676961093,3.071529352288537,2.56458157430844,19.181692822708886
2023-10-01 02:00:00,48.83510719648445,18.659793300389655,7.731897640723451,3.06882492580671,2.551495544258048,19.152881392337694
2023-10-08 02:00:00,49.91729793055862,17.98197965055862,7.638839912019295,2.989110810978006,2.548876935377052,18.923894760508393
2023-10-15 02:00:00,49.83052119293457,17.780309918042907,7.941768004989938,3.0219941088585323,2.4733251420736115,18.952081633100466
2023-10-22 02:00:00,51.420530083495265,17.25248083444269,7.411803207101457,2.862696415982827,2.4523723592318873,18.60011709974589
2023-10-29 02:00:00,53.00741641798176,17.014415698515986,6.733500696302686,2.7276243060792393,2.326077291449616,18.190965589670718
2023-11-05 01:00:00,52.361862361758824,17.065181272586134,6.526301150707464,2.7517394631841032,2.5238033956034243,18.77111235616006
2023-11-12 01:00:00,51.28324066189819,17.451244907874013,6.12554875528291,2.6958777667599647,2.513187650079059,19.93090025810585
2023-11-19 01:00:00,51.41965165700546,16.97509350691553,6.3082481767838665,2.672104529214219,2.3607690182067285,20.264133111874187
