DateTime,Market cap
2013-04-29,1583440000.0
2013-04-30,1610414976.0
2013-05-01,1637389952.0
2013-05-02,1456400000.0
2013-05-03,1275410048.0
2013-05-04,1305395008.0
2013-05-05,1335379968.0
2013-05-06,1324640000.0
2013-05-07,1313900032.0
2013-05-08,1323769984.0
2013-05-09,1333639936.0
2013-05-10,1361879936.0
2013-05-11,1390119936.0
2013-05-12,1372824960.0
2013-05-13,1355529984.0
2013-05-14,1325129984.0
2013-05-15,1294729984.0
2013-05-16,1339600000.0
2013-05-17,1384470016.0
2013-05-18,1416644992.0
2013-05-19,1448819968.0
2013-05-20,1444555008.0
2013-05-21,1440290048.0
2013-05-22,1446940032.0
2013-05-23,1453590016.0
2013-05-24,1508004992.0
2013-05-25,1562419968.0
2013-05-26,1567875008.0
2013-05-27,1573330048.0
2013-05-28,1544610048.0
2013-05-29,1515890048.0
2013-05-30,1510820032.0
2013-05-31,1505750016.0
2013-06-01,1508380032.0
2013-06-02,1511010048.0
2013-06-03,1473865024.0
2013-06-04,1436720000.0
2013-06-05,1435875008.0
2013-06-06,1435030016.0
2013-06-07,1369630016.0
2013-06-08,1304230016.0
2013-06-09,1248015040.0
2013-06-10,1191800064.0
2013-06-11,1232580032.0
2013-06-12,1273360000.0
2013-06-13,1247179968.0
2013-06-14,1220999936.0
2013-06-15,1200624960.0
2013-06-16,1180249984.0
2013-06-17,1191574976.0
2013-06-18,1202899968.0
2013-06-19,1240035008.0
2013-06-20,1277170048.0
2013-06-21,1289630016.0
2013-06-22,1302089984.0
2013-06-23,1296769984.0
2013-06-24,1291449984.0
2013-06-25,1262425024.0
2013-06-26,1233400064.0
2013-06-27,1221815040.0
2013-06-28,1210230016.0
2013-06-29,1175000000.0
2013-06-30,1139769984.0
2013-07-01,1098689984.0
2013-07-02,1057609984.0
2013-07-03,1006744000.0
2013-07-04,955878016.0
2013-07-05,895335008.0
2013-07-06,834792000.0
2013-07-07,883339488.0
2013-07-08,931886976.0
2013-07-09,932664992.0
2013-07-10,933443008.0
2013-07-11,1005151520.0
2013-07-12,1076860032.0
2013-07-13,1133540032.0
2013-07-14,1190220032.0
2013-07-15,1195040000.0
2013-07-16,1199859968.0
2013-07-17,1199049984.0
2013-07-18,1198240000.0
2013-07-19,1159660032.0
2013-07-20,1121080064.0
2013-07-21,1118810048.0
2013-07-22,1116540032.0
2013-07-23,1140740032.0
2013-07-24,1164940032.0
2013-07-25,1173550016.0
2013-07-26,1182160000.0
2013-07-27,1166009984.0
2013-07-28,1149859968.0
2013-07-29,1191035008.0
2013-07-30,1232210048.0
2013-07-31,1260290048.0
2013-08-01,1288370048.0
2013-08-02,1278215040.0
2013-08-03,1268060032.0
2013-08-04,1302590016.0
2013-08-05,1337120000.0
2013-08-06,1337355008.0
2013-08-07,1337590016.0
2013-08-08,1314150016.0
2013-08-09,1290710016.0
2013-08-10,1289470016.0
2013-08-11,1288230016.0
2013-08-12,1313985024.0
2013-08-13,1339740032.0
2013-08-14,1371150016.0
2013-08-15,1402560000.0
2013-08-16,1380094976.0
2013-08-17,1357629952.0
2013-08-18,1395029952.0
2013-08-19,1432429952.0
2013-08-20,1486859968.0
2013-08-21,1541289984.0
2013-08-22,1534630016.0
2013-08-23,1527970048.0
2013-08-24,1515000000.0
2013-08-25,1502029952.0
2013-08-26,1512649984.0
2013-08-27,1523270016.0
2013-08-28,1531244992.0
2013-08-29,1539219968.0
2013-08-30,1601579968.0
2013-08-31,1663939968.0
2013-09-01,1694494976.0
2013-09-02,1725049984.0
2013-09-03,1713174976.0
2013-09-04,1701299968.0
2013-09-05,1640630016.0
2013-09-06,1579960064.0
2013-09-07,1574375040.0
2013-09-08,1568790016.0
2013-09-09,1588040000.0
2013-09-10,1607289984.0
2013-09-11,1660464960.0
2013-09-12,1713639936.0
2013-09-13,1706964992.0
2013-09-14,1700290048.0
2013-09-15,1674465024.0
2013-09-16,1648640000.0
2013-09-17,1668889984.0
2013-09-18,1689139968.0
2013-09-19,1683144960.0
2013-09-20,1677149952.0
2013-09-21,1660955008.0
2013-09-22,1644760064.0
2013-09-23,1634255040.0
2013-09-24,1623750016.0
2013-09-25,1639244992.0
2013-09-26,1654739968.0
2013-09-27,1704275008.0
2013-09-28,1753810048.0
2013-09-29,1768275008.0
2013-09-30,1782739968.0
2013-10-01,1745149952.0
2013-10-02,1707559936.0
2013-10-03,1651324992.0
2013-10-04,1595090048.0
2013-10-05,1627870016.0
2013-10-06,1660649984.0
2013-10-07,1647779968.0
2013-10-08,1634909952.0
2013-10-09,1657884992.0
2013-10-10,1680860032.0
2013-10-11,1680310016.0
2013-10-12,1679760000.0
2013-10-13,1732235008.0
2013-10-14,1784710016.0
2013-10-15,1825115008.0
2013-10-16,1865520000.0
2013-10-17,1863524992.0
2013-10-18,1861529984.0
2013-10-19,2015119936.0
2013-10-20,2168709888.0
2013-10-21,2224749952.0
2013-10-22,2280790016.0
2013-10-23,2482989952.0
2013-10-24,2685189888.0
2013-10-25,2515564928.0
2013-10-26,2345939968.0
2013-10-27,2402630016.0
2013-10-28,2459320064.0
2013-10-29,2505565056.0
2013-10-30,2551810048.0
2013-10-31,2549505024.0
2013-11-01,2547200000.0
2013-11-02,2574009984.0
2013-11-03,2600819968.0
2013-11-04,2747420032.0
2013-11-05,2894020096.0
2013-11-06,3092395008.0
2013-11-07,3290769920.0
2013-11-08,3778684928.0
2013-11-09,4266599936.0
2013-11-10,4164999936.0
2013-11-11,4063399936.0
2013-11-12,4289070080.0
2013-11-13,4514740224.0
2013-11-14,4875320064.0
2013-11-15,5235899904.0
2013-11-16,5364480000.0
2013-11-17,5493060096.0
2013-11-18,7197874944.0
2013-11-19,8902689792.0
2013-11-20,8189185024.0
2013-11-21,7475680256.0
2013-11-22,8588580352.0
2013-11-23,9701480448.0
2013-11-24,9741980160.0
2013-11-25,9782479872.0
2013-11-26,10884189696.0
2013-11-27,11985899520.0
2013-11-28,12904799744.0
2013-11-29,13823699968.0
2013-11-30,14605700096.0
2013-12-01,15387700224.0
2013-12-02,14827150336.0
2013-12-03,14266600448.0
2013-12-04,15101350400.0
2013-12-05,15936100352.0
2013-12-06,13645850112.0
2013-12-07,11355599872.0
2013-12-08,11091400192.0
2013-12-09,10827200512.0
2013-12-10,12223350272.0
2013-12-11,13619500032.0
2013-12-12,12794800128.0
2013-12-13,11970100224.0
2013-12-14,11969500160.0
2013-12-15,11968900096.0
2013-12-16,10831255040.0
2013-12-17,9693609984.0
2013-12-18,8339980032.0
2013-12-19,6986350080.0
2013-12-20,7606040064.0
2013-12-21,8225730048.0
2013-12-22,8242429952.0
2013-12-23,8259129856.0
2013-12-24,8653524736.0
2013-12-25,9047919616.0
2013-12-26,9839559680.0
2013-12-27,10631199744.0
2013-12-28,10365449728.0
2013-12-29,10099699712.0
2013-12-30,10322749952.0
2013-12-31,10545800192.0
2014-01-01,10653250048.0
2014-01-02,10760699904.0
2014-01-03,11081750016.0
2014-01-04,11402800128.0
2014-01-05,12139250176.0
2014-01-06,12875700224.0
2014-01-07,11839150080.0
2014-01-08,10802599936.0
2014-01-09,11157449728.0
2014-01-10,11512299520.0
2014-01-11,12057600000.0
2014-01-12,12602900480.0
2014-01-13,12086450176.0
2014-01-14,11569999872.0
2014-01-15,11692899840.0
2014-01-16,11815799808.0
2014-01-17,11507049984.0
2014-01-18,11198300160.0
2014-01-19,11600950272.0
2014-01-20,12003600384.0
2014-01-21,11988450304.0
2014-01-22,11973300224.0
2014-01-23,11652450304.0
2014-01-24,11331600384.0
2014-01-25,11544500224.0
2014-01-26,11757400064.0
2014-01-27,11208750080.0
2014-01-28,10660100096.0
2014-01-29,11023699968.0
2014-01-30,11387299840.0
2014-01-31,11449299968.0
2014-02-01,11511300096.0
2014-02-02,11464150016.0
2014-02-03,11416999936.0
2014-02-04,11432099840.0
2014-02-05,11447199744.0
2014-02-06,11106949632.0
2014-02-07,10766699520.0
2014-02-08,10024324608.0
2014-02-09,9281949696.0
2014-02-10,9381899776.0
2014-02-11,9481849856.0
2014-02-12,9284914688.0
2014-02-13,9087979520.0
2014-02-14,9138194944.0
2014-02-15,9188410368.0
2014-02-16,8892930048.0
2014-02-17,8597449728.0
2014-02-18,8677154816.0
2014-02-19,8756859904.0
2014-02-20,8277430016.0
2014-02-21,7798000128.0
2014-02-22,8127300096.0
2014-02-23,8456600064.0
2014-02-24,7957595136.0
2014-02-25,7458590208.0
2014-02-26,7793305088.0
2014-02-27,8128019968.0
2014-02-28,7953305088.0
2014-03-01,7778590208.0
2014-03-02,7902110208.0
2014-03-03,8025630208.0
2014-03-04,8986615040.0
2014-03-05,9947599872.0
2014-03-06,9744045056.0
2014-03-07,9540490240.0
2014-03-08,9188774912.0
2014-03-09,8837059584.0
2014-03-10,8947619840.0
2014-03-11,9058180096.0
2014-03-12,9081375232.0
2014-03-13,9104570368.0
2014-03-14,9055495168.0
2014-03-15,9006419968.0
2014-03-16,9000260096.0
2014-03-17,8994100224.0
2014-03-18,8928130048.0
2014-03-19,8862159872.0
2014-03-20,8617619968.0
2014-03-21,8373080064.0
2014-03-22,8267239936.0
2014-03-23,8161399808.0
2014-03-24,8269394944.0
2014-03-25,8377390080.0
2014-03-26,8311385088.0
2014-03-27,8245380096.0
2014-03-28,7647585024.0
2014-03-29,7049789952.0
2014-03-30,6780444928.0
2014-03-31,6511099904.0
2014-04-01,6618619904.0
2014-04-02,6726139904.0
2014-04-03,6479944960.0
2014-04-04,6233750016.0
2014-04-05,6358889984.0
2014-04-06,6484029952.0
2014-04-07,6368225024.0
2014-04-08,6252420096.0
2014-04-09,6217110016.0
2014-04-10,6181799936.0
2014-04-11,6036294912.0
2014-04-12,5890789888.0
2014-04-13,5838029824.0
2014-04-14,5785269760.0
2014-04-15,6563079936.0
2014-04-16,7340890112.0
2014-04-17,7154810112.0
2014-04-18,6968730112.0
2014-04-19,7035245056.0
2014-04-20,7101760000.0
2014-04-21,7058500096.0
2014-04-22,7015240192.0
2014-04-23,6975015168.0
2014-04-24,6934790144.0
2014-04-25,6694814976.0
2014-04-26,6454839808.0
2014-04-27,6244229888.0
2014-04-28,6033619968.0
2014-04-29,6152154880.0
2014-04-30,6270689792.0
2014-05-01,6351124992.0
2014-05-02,6431560192.0
2014-05-03,6284870144.0
2014-05-04,6138180096.0
2014-05-05,6105289984.0
2014-05-06,6072399872.0
2014-05-07,6135409920.0
2014-05-08,6198419968.0
2014-05-09,6282184960.0
2014-05-10,6365949952.0
2014-05-11,6280744960.0
2014-05-12,6195539968.0
2014-05-13,6208025088.0
2014-05-14,6220510208.0
2014-05-15,6273460224.0
2014-05-16,6326410240.0
2014-05-17,6335425024.0
2014-05-18,6344439808.0
2014-05-19,6328579840.0
2014-05-20,6312719872.0
2014-05-21,6618445056.0
2014-05-22,6924170240.0
2014-05-23,7126980096.0
2014-05-24,7329789952.0
2014-05-25,7679725056.0
2014-05-26,8029660160.0
2014-05-27,8020215040.0
2014-05-28,8010769920.0
2014-05-29,7981039872.0
2014-05-30,7951309824.0
2014-05-31,8316619776.0
2014-06-01,8681929728.0
2014-06-02,8933044736.0
2014-06-03,9184159744.0
2014-06-04,9050444800.0
2014-06-05,8916729856.0
2014-06-06,8996335104.0
2014-06-07,9075940352.0
2014-06-08,9104084992.0
2014-06-09,9132229632.0
2014-06-10,9127199744.0
2014-06-11,9122169856.0
2014-06-12,8666785024.0
2014-06-13,8211400192.0
2014-06-14,8140790016.0
2014-06-15,8070179840.0
2014-06-16,8181335040.0
2014-06-17,8292490240.0
2014-06-18,8409675008.0
2014-06-19,8526859776.0
2014-06-20,8430519808.0
2014-06-21,8334179840.0
2014-06-22,8392124928.0
2014-06-23,8450070016.0
2014-06-24,8307994880.0
2014-06-25,8165919744.0
2014-06-26,8154234880.0
2014-06-27,8142550016.0
2014-06-28,8238384896.0
2014-06-29,8334219776.0
2014-06-30,8654070016.0
2014-07-01,8973920256.0
2014-07-02,8992424960.0
2014-07-03,9010929664.0
2014-07-04,8867160064.0
2014-07-05,8723390464.0
2014-07-06,8753570304.0
2014-07-07,8783750144.0
2014-07-08,8725790208.0
2014-07-09,8667830272.0
2014-07-10,8613045248.0
2014-07-11,8558260224.0
2014-07-12,8692810240.0
2014-07-13,8827360256.0
2014-07-14,8734325248.0
2014-07-15,8641290240.0
2014-07-16,8615800320.0
2014-07-17,8590310400.0
2014-07-18,8696320000.0
2014-07-19,8802329600.0
2014-07-20,8762414592.0
2014-07-21,8722499584.0
2014-07-22,8713924608.0
2014-07-23,8705349632.0
2014-07-24,8559704832.0
2014-07-25,8414060032.0
2014-07-26,8373345024.0
2014-07-27,8332630016.0
2014-07-28,8263300096.0
2014-07-29,8193970176.0
2014-07-30,8069315072.0
2014-07-31,7944659968.0
2014-08-01,8145420032.0
2014-08-02,8346180096.0
2014-08-03,8286705152.0
2014-08-04,8227230208.0
2014-08-05,8216050176.0
2014-08-06,8204870144.0
2014-08-07,8224430080.0
2014-08-08,8243990016.0
2014-08-09,8240835072.0
2014-08-10,8237680128.0
2014-08-11,8134419968.0
2014-08-12,8031159808.0
2014-08-13,7809789952.0
2014-08-14,7588420096.0
2014-08-15,7266520064.0
2014-08-16,6944620032.0
2014-08-17,6889684992.0
2014-08-18,6834749952.0
2014-08-19,6804804864.0
2014-08-20,6774859776.0
2014-08-21,7024160000.0
2014-08-22,7273460224.0
2014-08-23,7132675072.0
2014-08-24,6991889920.0
2014-08-25,7051609856.0
2014-08-26,7111329792.0
2014-08-27,7220099840.0
2014-08-28,7328869888.0
2014-08-29,7299369984.0
2014-08-30,7269870080.0
2014-08-31,7058010112.0
2014-09-01,6846150144.0
2014-09-02,6834470144.0
2014-09-03,6822790144.0
2014-09-04,6927859968.0
2014-09-05,7032929792.0
2014-09-06,7011084800.0
2014-09-07,6989239808.0
2014-09-08,6925619968.0
2014-09-09,6862000128.0
2014-09-10,6906370048.0
2014-09-11,6950739968.0
2014-09-12,6944229888.0
2014-09-13,6937719808.0
2014-09-14,6949989888.0
2014-09-15,6962259968.0
2014-09-16,6879024896.0
2014-09-17,6795789824.0
2014-09-18,6516654848.0
2014-09-19,6237519872.0
2014-09-20,6115069952.0
2014-09-21,5992620032.0
2014-09-22,5952584960.0
2014-09-23,5912549888.0
2014-09-24,6066189824.0
2014-09-25,6219829760.0
2014-09-26,6090934784.0
2014-09-27,5962039808.0
2014-09-28,5780764928.0
2014-09-29,5599490048.0
2014-09-30,5667970048.0
2014-10-01,5736450048.0
2014-10-02,5651144960.0
2014-10-03,5565839872.0
2014-10-04,5242024960.0
2014-10-05,4918210048.0
2014-10-06,4930500096.0
2014-10-07,4942790144.0
2014-10-08,5097920000.0
2014-10-09,5253049856.0
2014-10-10,5319144960.0
2014-10-11,5385240064.0
2014-10-12,5491055104.0
2014-10-13,5596870144.0
2014-10-14,5760120064.0
2014-10-15,5923369984.0
2014-10-16,5793475072.0
2014-10-17,5663580160.0
2014-10-18,5728320000.0
2014-10-19,5793059840.0
2014-10-20,5727174912.0
2014-10-21,5661289984.0
2014-10-22,5667500032.0
2014-10-23,5673710080.0
2014-10-24,5500529920.0
2014-10-25,5327349760.0
2014-10-26,5292629760.0
2014-10-27,5257909760.0
2014-10-28,5280489984.0
2014-10-29,5303070208.0
2014-10-30,5212360192.0
2014-10-31,5121650176.0
2014-11-01,4980800000.0
2014-11-02,4839949824.0
2014-11-03,4854434816.0
2014-11-04,4868919808.0
2014-11-05,4961899776.0
2014-11-06,5054879744.0
2014-11-07,5070759936.0
2014-11-08,5086640128.0
2014-11-09,5236260096.0
2014-11-10,5385880064.0
2014-11-11,5424805120.0
2014-11-12,5463730176.0
2014-11-13,5824884992.0
2014-11-14,6186039808.0
2014-11-15,5875714816.0
2014-11-16,5565389824.0
2014-11-17,5661694976.0
2014-11-18,5758000128.0
2014-11-19,5712570112.0
2014-11-20,5667140096.0
2014-11-21,5480615168.0
2014-11-22,5294090240.0
2014-11-23,5444470016.0
2014-11-24,5594849792.0
2014-11-25,5675759872.0
2014-11-26,5756669952.0
2014-11-27,5781339904.0
2014-11-28,5806009856.0
2014-11-29,5850880000.0
2014-11-30,5895750144.0
2014-12-01,5901260032.0
2014-12-02,5906769920.0
2014-12-03,5900979968.0
2014-12-04,5895190016.0
2014-12-05,5908124928.0
2014-12-06,5921059840.0
2014-12-07,5928859904.0
2014-12-08,5936659968.0
2014-12-09,5771849984.0
2014-12-10,5607040000.0
2014-12-11,5618850048.0
2014-12-12,5630660096.0
2014-12-13,5616525056.0
2014-12-14,5602390016.0
2014-12-15,5612039936.0
2014-12-16,5621689856.0
2014-12-17,5592039936.0
2014-12-18,5562390016.0
2014-12-19,5512185088.0
2014-12-20,5461980160.0
2014-12-21,5531815168.0
2014-12-22,5601650176.0
2014-12-23,5693760000.0
2014-12-24,5785869824.0
2014-12-25,5674504960.0
2014-12-26,5563140096.0
2014-12-27,5543205120.0
2014-12-28,5523270144.0
2014-12-29,5518885120.0
2014-12-30,5514500096.0
2014-12-31,5559709952.0
2015-01-01,5604919808.0
2015-01-02,5538774784.0
2015-01-03,5472629760.0
2015-01-04,5008424960.0
2015-01-05,4544220160.0
2015-01-06,4727835136.0
2015-01-07,4911450112.0
2015-01-08,4883760128.0
2015-01-09,4856070144.0
2015-01-10,4765745152.0
2015-01-11,4675420160.0
2015-01-12,4615825152.0
2015-01-13,4556230144.0
2015-01-14,3829125120.0
2015-01-15,3102020096.0
2015-01-16,3369020032.0
2015-01-17,3636019968.0
2015-01-18,3645010048.0
2015-01-19,3654000128.0
2015-01-20,3658075008.0
2015-01-21,3662149888.0
2015-01-22,3837789952.0
2015-01-23,4013430016.0
2015-01-24,4114419968.0
2015-01-25,4215409920.0
2015-01-26,4390154880.0
2015-01-27,4564899840.0
2015-01-28,4258909952.0
2015-01-29,3952920064.0
2015-01-30,3894185088.0
2015-01-31,3835450112.0
2015-02-01,3829390080.0
2015-02-02,3823330048.0
2015-02-03,3809524992.0
2015-02-04,3795719936.0
2015-02-05,3742369920.0
2015-02-06,3689019904.0
2015-02-07,3775614976.0
2015-02-08,3862210048.0
2015-02-09,3801165056.0
2015-02-10,3740120064.0
2015-02-11,3730790016.0
2015-02-12,3721459968.0
2015-02-13,3853120000.0
2015-02-14,3984780032.0
2015-02-15,3964845056.0
2015-02-16,3944910080.0
2015-02-17,4014400000.0
2015-02-18,4083889920.0
2015-02-19,4053644928.0
2015-02-20,4023399936.0
2015-02-21,4047099904.0
2015-02-22,4070799872.0
2015-02-23,4034604928.0
2015-02-24,3998409984.0
2015-02-25,3991665024.0
2015-02-26,3984920064.0
2015-02-27,4105299968.0
2015-02-28,4225679872.0
2015-03-01,4254999936.0
2015-03-02,4284320000.0
2015-03-03,4404024960.0
2015-03-04,4523729920.0
2015-03-05,4497890048.0
2015-03-06,4472050176.0
2015-03-07,4464050176.0
2015-03-08,4456050176.0
2015-03-09,4555685120.0
2015-03-10,4655320064.0
2015-03-11,4693319936.0
2015-03-12,4731319808.0
2015-03-13,4650539776.0
2015-03-14,4569759744.0
2015-03-15,4584199936.0
2015-03-16,4598640128.0
2015-03-17,4596070144.0
2015-03-18,4593500160.0
2015-03-19,4412855040.0
2015-03-20,4232209920.0
2015-03-21,4223779968.0
2015-03-22,4215350016.0
2015-03-23,4266825088.0
2015-03-24,4318300160.0
2015-03-25,4151855104.0
2015-03-26,3985410048.0
2015-03-27,3988380032.0
2015-03-28,3991350016.0
2015-03-29,3956145024.0
2015-03-30,3920940032.0
2015-03-31,3915825024.0
2015-04-01,3910710016.0
2015-04-02,3981115008.0
2015-04-03,4051520000.0
2015-04-04,4070065024.0
2015-04-05,4088610048.0
2015-04-06,4097534976.0
2015-04-07,4106459904.0
2015-04-08,4038619904.0
2015-04-09,3970779904.0
2015-04-10,3890979968.0
2015-04-11,3811180032.0
2015-04-12,3811069952.0
2015-04-13,3810959872.0
2015-04-14,3680229888.0
2015-04-15,3549499904.0
2015-04-16,3619190016.0
2015-04-17,3688880128.0
2015-04-18,3650110080.0
2015-04-19,3611340032.0
2015-04-20,3619054976.0
2015-04-21,3626769920.0
2015-04-22,3699384960.0
2015-04-23,3772000000.0
2015-04-24,3752979968.0
2015-04-25,3733959936.0
2015-04-26,3639379968.0
2015-04-27,3544800000.0
2015-04-28,3588034944.0
2015-04-29,3631269888.0
2015-04-30,3715924992.0
2015-05-01,3800580096.0
2015-05-02,3791710080.0
2015-05-03,3782840064.0
2015-05-04,3811965056.0
2015-05-05,3841090048.0
2015-05-06,3770385024.0
2015-05-07,3699680000.0
2015-05-08,3800850048.0
2015-05-09,3902020096.0
2015-05-10,3873115008.0
2015-05-11,3844209920.0
2015-05-12,3855025024.0
2015-05-13,3865840128.0
2015-05-14,3826815104.0
2015-05-15,3787790080.0
2015-05-16,3781800064.0
2015-05-17,3775810048.0
2015-05-18,3742315008.0
2015-05-19,3708819968.0
2015-05-20,3737730048.0
2015-05-21,3766640128.0
2015-05-22,3826055040.0
2015-05-23,3885469952.0
2015-05-24,3895479936.0
2015-05-25,3905489920.0
2015-05-26,3878644992.0
2015-05-27,3851800064.0
2015-05-28,3880045056.0
2015-05-29,3908290048.0
2015-05-30,3882120064.0
2015-05-31,3855950080.0
2015-06-01,3760550016.0
2015-06-02,3665149952.0
2015-06-03,3698395008.0
2015-06-04,3731640064.0
2015-06-05,3730135040.0
2015-06-06,3728630016.0
2015-06-07,3711495040.0
2015-06-08,3694360064.0
2015-06-09,3742334976.0
2015-06-10,3790309888.0
2015-06-11,3796789888.0
2015-06-12,3803269888.0
2015-06-13,3827794944.0
2015-06-14,3852320000.0
2015-06-15,3898814976.0
2015-06-16,3945309952.0
2015-06-17,4081900032.0
2015-06-18,4218490112.0
2015-06-19,4209940096.0
2015-06-20,4201390080.0
2015-06-21,4185720064.0
2015-06-22,4170050048.0
2015-06-23,4176040064.0
2015-06-24,4182030080.0
2015-06-25,4173209984.0
2015-06-26,4164389888.0
2015-06-27,4239089920.0
2015-06-28,4313789952.0
2015-06-29,4383844864.0
2015-06-30,4453899776.0
2015-07-01,4455954944.0
2015-07-02,4458010112.0
2015-07-03,4446715136.0
2015-07-04,4435420160.0
2015-07-05,4545360128.0
2015-07-06,4655300096.0
2015-07-07,4618105088.0
2015-07-08,4580910080.0
2015-07-09,4649210112.0
2015-07-10,4717510144.0
2015-07-11,4820530176.0
2015-07-12,4923550208.0
2015-07-13,4923355136.0
2015-07-14,4923160064.0
2015-07-15,4864750080.0
2015-07-16,4806340096.0
2015-07-17,4738085120.0
2015-07-18,4669830144.0
2015-07-19,4627464960.0
2015-07-20,4585099776.0
2015-07-21,4597355008.0
2015-07-22,4609610240.0
2015-07-23,4610785024.0
2015-07-24,4611959808.0
2015-07-25,4733264896.0
2015-07-26,4854569984.0
2015-07-27,4903970048.0
2015-07-28,4953370112.0
2015-07-29,4921760000.0
2015-07-30,4890149888.0
2015-07-31,4852989952.0
2015-08-01,4815830016.0
2015-08-02,4787340032.0
2015-08-03,4758850048.0
2015-08-04,4779140096.0
2015-08-05,4799430144.0
2015-08-06,4743780096.0
2015-08-07,4688130048.0
2015-08-08,4577364992.0
2015-08-09,4466599936.0
2015-08-10,4498210048.0
2015-08-11,4529820160.0
2015-08-12,4553445120.0
2015-08-13,4577070080.0
2015-08-14,4592855040.0
2015-08-15,4608640000.0
2015-08-16,4546925056.0
2015-08-17,4485210112.0
2015-08-18,4203010048.0
2015-08-19,3920809984.0
2015-08-20,4018860032.0
2015-08-21,4116910080.0
2015-08-22,4070564992.0
2015-08-23,4024219904.0
2015-08-24,3849799936.0
2015-08-25,3675379968.0
2015-08-26,3795969920.0
2015-08-27,3916559872.0
2015-08-28,3959344896.0
2015-08-29,4002129920.0
2015-08-30,3998950016.0
2015-08-31,3995770112.0
2015-09-01,3984765056.0
2015-09-02,3973760000.0
2015-09-03,3954094976.0
2015-09-04,3934429952.0
2015-09-05,4011675008.0
2015-09-06,4088920064.0
2015-09-07,4127710080.0
2015-09-08,4166500096.0
2015-09-09,4147330048.0
2015-09-10,4128160000.0
2015-09-11,4145124992.0
2015-09-12,4162089984.0
2015-09-13,4088024960.0
2015-09-14,4013959936.0
2015-09-15,4000774912.0
2015-09-16,3987589888.0
2015-09-17,3979835008.0
2015-09-18,3972080128.0
2015-09-19,3986750080.0
2015-09-20,4001420032.0
2015-09-21,3965694976.0
2015-09-22,3929969920.0
2015-09-23,3947019904.0
2015-09-24,3964069888.0
2015-09-25,3994899968.0
2015-09-26,4025730048.0
2015-09-27,4006615040.0
2015-09-28,3987500032.0
2015-09-29,4000125056.0
2015-09-30,4012750080.0
2015-10-01,4017560064.0
2015-10-02,4022370048.0
2015-10-03,4033675008.0
2015-10-04,4044979968.0
2015-10-05,4046615040.0
2015-10-06,4048250112.0
2015-10-07,4077865088.0
2015-10-08,4107480064.0
2015-10-09,4107614976.0
2015-10-10,4107749888.0
2015-10-11,4135899904.0
2015-10-12,4164049920.0
2015-10-13,4183929984.0
2015-10-14,4203810048.0
2015-10-15,4236184960.0
2015-10-16,4268559872.0
2015-10-17,4388754944.0
2015-10-18,4508950016.0
2015-10-19,4447719936.0
2015-10-20,4386489856.0
2015-10-21,4401939968.0
2015-10-22,4417390080.0
2015-10-23,4496080128.0
2015-10-24,4574770176.0
2015-10-25,4628700160.0
2015-10-26,4682630144.0
2015-10-27,4771720192.0
2015-10-28,4860810240.0
2015-10-29,5048975104.0
2015-10-30,5237139968.0
2015-10-31,5234969856.0
2015-11-01,5232799744.0
2015-11-02,5606984960.0
2015-11-03,5981170176.0
2015-11-04,6313385216.0
2015-11-05,6645600256.0
2015-11-06,6372875008.0
2015-11-07,6100149760.0
2015-11-08,6102560000.0
2015-11-09,6104970240.0
2015-11-10,5828450048.0
2015-11-11,5551929856.0
2015-11-12,5549969920.0
2015-11-13,5548009984.0
2015-11-14,5501270016.0
2015-11-15,5454530048.0
2015-11-16,5435814912.0
2015-11-17,5417099776.0
2015-11-18,5453819904.0
2015-11-19,5490540032.0
2015-11-20,5391790080.0
2015-11-21,5293040128.0
2015-11-22,5313080064.0
2015-11-23,5333120000.0
2015-11-24,5297920000.0
2015-11-25,5262720000.0
2015-11-26,5515984896.0
2015-11-27,5769249792.0
2015-11-28,5811869952.0
2015-11-29,5854490112.0
2015-11-30,6007235072.0
2015-12-01,6159980032.0
2015-12-02,6015820032.0
2015-12-03,5871660032.0
2015-12-04,5918909952.0
2015-12-05,5966159872.0
2015-12-06,6177384960.0
2015-12-07,6388610048.0
2015-12-08,6606289920.0
2015-12-09,6823969792.0
2015-12-10,6858625024.0
2015-12-11,6893280256.0
2015-12-12,7025290240.0
2015-12-13,7157300224.0
2015-12-14,7236255232.0
2015-12-15,7315210240.0
2015-12-16,7385715200.0
2015-12-17,7456220160.0
2015-12-18,7517740032.0
2015-12-19,7579259904.0
2015-12-20,7414644992.0
2015-12-21,7250030080.0
2015-12-22,7201445120.0
2015-12-23,7152860160.0
2015-12-24,7294920192.0
2015-12-25,7436980224.0
2015-12-26,7144530176.0
2015-12-27,6852080128.0
2015-12-28,6903395072.0
2015-12-29,6954710016.0
2015-12-30,6986014976.0
2015-12-31,7017319936.0
2016-01-01,7084979968.0
2016-01-02,7152640000.0
2016-01-03,7120325120.0
2016-01-04,7088010240.0
2016-01-05,7101365248.0
2016-01-06,7114720256.0
2016-01-07,7314040064.0
2016-01-08,7513359872.0
2016-01-09,7448829952.0
2016-01-10,7384300032.0
2016-01-11,7387164928.0
2016-01-12,7390029824.0
2016-01-13,7279174912.0
2016-01-14,7168320000.0
2016-01-15,6634074880.0
2016-01-16,6099829760.0
2016-01-17,6240235008.0
2016-01-18,6380640256.0
2016-01-19,6365910016.0
2016-01-20,6351179776.0
2016-01-21,6600344832.0
2016-01-22,6849509888.0
2016-01-23,6695794944.0
2016-01-24,6542080000.0
2016-01-25,6600339968.0
2016-01-26,6658599936.0
2016-01-27,6748304896.0
2016-01-28,6838009856.0
2016-01-29,6698824960.0
2016-01-30,6559640064.0
2016-01-31,6465760000.0
2016-02-01,6371879936.0
2016-02-02,6423794944.0
2016-02-03,6475709952.0
2016-02-04,6603014912.0
2016-02-05,6730319872.0
2016-02-06,6654184960.0
2016-02-07,6578050048.0
2016-02-08,6579634944.0
2016-02-09,6581219840.0
2016-02-10,6702234880.0
2016-02-11,6823249920.0
2016-02-12,6905544960.0
2016-02-13,6987840000.0
2016-02-14,7169639936.0
2016-02-15,7351439872.0
2016-02-16,7313604864.0
2016-02-17,7275769856.0
2016-02-18,7385049856.0
2016-02-19,7494329856.0
2016-02-20,7621104896.0
2016-02-21,7747879936.0
2016-02-22,7803109888.0
2016-02-23,7858339840.0
2016-02-24,7776124928.0
2016-02-25,7693910016.0
2016-02-26,7747310080.0
2016-02-27,7800710144.0
2016-02-28,7827995136.0
2016-02-29,7855280128.0
2016-03-01,7912084992.0
2016-03-02,7968889856.0
2016-03-03,7938094848.0
2016-03-04,7907299840.0
2016-03-05,7815435008.0
2016-03-06,7723570176.0
2016-03-07,7785609984.0
2016-03-08,7847649792.0
2016-03-09,7954894848.0
2016-03-10,8062139904.0
2016-03-11,8111294976.0
2016-03-12,8160450048.0
2016-03-13,8230419968.0
2016-03-14,8300389888.0
2016-03-15,8258044928.0
2016-03-16,8215699968.0
2016-03-17,8172515072.0
2016-03-18,8129330176.0
2016-03-19,8021470208.0
2016-03-20,7913610240.0
2016-03-21,7990935040.0
2016-03-22,8068259840.0
2016-03-23,8150315008.0
2016-03-24,8232370176.0
2016-03-25,8165680128.0
2016-03-26,8098990080.0
2016-03-27,8152049920.0
2016-03-28,8205109760.0
2016-03-29,8172614912.0
2016-03-30,8140120064.0
2016-03-31,8125765120.0
2016-04-01,8111410176.0
2016-04-02,8161545216.0
2016-04-03,8211680256.0
2016-04-04,8205975040.0
2016-04-05,8200269824.0
2016-04-06,8193124864.0
2016-04-07,8185979904.0
2016-04-08,8109270016.0
2016-04-09,8032560128.0
2016-04-10,7984430080.0
2016-04-11,7936300032.0
2016-04-12,7909120000.0
2016-04-13,7881939968.0
2016-04-14,7919990016.0
2016-04-15,7958040064.0
2016-04-16,8021694976.0
2016-04-17,8085349888.0
2016-04-18,8105474816.0
2016-04-19,8125599744.0
2016-04-20,8208534784.0
2016-04-21,8291469824.0
2016-04-22,8296414976.0
2016-04-23,8301360128.0
2016-04-24,8423460096.0
2016-04-25,8545560064.0
2016-04-26,8568160000.0
2016-04-27,8590759936.0
2016-04-28,8445849856.0
2016-04-29,8300939776.0
2016-04-30,8360709888.0
2016-05-01,8420480000.0
2016-05-02,8446974976.0
2016-05-03,8473469952.0
2016-05-04,8461750016.0
2016-05-05,8450030080.0
2016-05-06,8560460032.0
2016-05-07,8670889984.0
2016-05-08,8664345088.0
2016-05-09,8657800192.0
2016-05-10,8592635136.0
2016-05-11,8527470080.0
2016-05-12,8586269952.0
2016-05-13,8645069824.0
2016-05-14,8665835008.0
2016-05-15,8686600192.0
2016-05-16,8711435264.0
2016-05-17,8736270336.0
2016-05-18,8836930048.0
2016-05-19,8937589760.0
2016-05-20,8859744768.0
2016-05-21,8781899776.0
2016-05-22,8779474944.0
2016-05-23,8777050112.0
2016-05-24,8769905152.0
2016-05-25,8762760192.0
2016-05-26,8827585024.0
2016-05-27,8892409856.0
2016-05-28,9467454976.0
2016-05-29,10042500096.0
2016-05-30,10198550016.0
2016-05-31,10354599936.0
2016-06-01,10435049984.0
2016-06-02,10515500032.0
2016-06-03,10781499904.0
2016-06-04,11047499776.0
2016-06-05,11095000064.0
2016-06-06,11142500352.0
2016-06-07,11183050240.0
2016-06-08,11223600128.0
2016-06-09,11223900160.0
2016-06-10,11224200192.0
2016-06-11,11491250176.0
2016-06-12,11758300160.0
2016-06-13,12677000192.0
2016-06-14,13595700224.0
2016-06-15,13600950272.0
2016-06-16,13606200320.0
2016-06-17,13873500160.0
2016-06-18,14140800000.0
2016-06-19,14133649920.0
2016-06-20,14126499840.0
2016-06-21,13371149824.0
2016-06-22,12615799808.0
2016-06-23,12303799808.0
2016-06-24,11991799808.0
2016-06-25,12356550144.0
2016-06-26,12721300480.0
2016-06-27,12671650304.0
2016-06-28,12622000128.0
2016-06-29,12435599872.0
2016-06-30,12249199616.0
2016-07-01,12532950016.0
2016-07-02,12816700416.0
2016-07-03,12649400320.0
2016-07-04,12482100224.0
2016-07-05,12535600128.0
2016-07-06,12589100032.0
2016-07-07,12314050048.0
2016-07-08,12039000064.0
2016-07-09,12180049920.0
2016-07-10,12321099776.0
2016-07-11,12310150144.0
2016-07-12,12299200512.0
2016-07-13,12477650432.0
2016-07-14,12656100352.0
2016-07-15,12787600384.0
2016-07-16,12919100416.0
2016-07-17,13016650240.0
2016-07-18,13114200064.0
2016-07-19,13120750080.0
2016-07-20,13127300096.0
2016-07-21,13093799936.0
2016-07-22,13060299776.0
2016-07-23,13020749824.0
2016-07-24,12981199872.0
2016-07-25,12935049728.0
2016-07-26,12888899584.0
2016-07-27,12852299776.0
2016-07-28,12815699968.0
2016-07-29,12816799744.0
2016-07-30,12817899520.0
2016-07-31,12528399872.0
2016-08-01,12238900224.0
2016-08-02,11498650112.0
2016-08-03,10758400000.0
2016-08-04,11094450176.0
2016-08-05,11430500352.0
2016-08-06,11538700288.0
2016-08-07,11646900224.0
2016-08-08,11666200064.0
2016-08-09,11685499904.0
2016-08-10,11698299904.0
2016-08-11,11711099904.0
2016-08-12,11671849984.0
2016-08-13,11632600064.0
2016-08-14,11482550272.0
2016-08-15,11332500480.0
2016-08-16,11388700160.0
2016-08-17,11444899840.0
2016-08-18,11409699840.0
2016-08-19,11374499840.0
2016-08-20,11456750080.0
2016-08-21,11539000320.0
2016-08-22,11571750400.0
2016-08-23,11604500480.0
2016-08-24,11527900160.0
2016-08-25,11451299840.0
2016-08-26,11442549760.0
2016-08-27,11433799680.0
2016-08-28,11393949696.0
2016-08-29,11354099712.0
2016-08-30,11412699648.0
2016-08-31,11471299584.0
2016-09-01,11448349696.0
2016-09-02,11425399808.0
2016-09-03,11645550080.0
2016-09-04,11865700352.0
2016-09-05,11960200192.0
2016-09-06,12054700032.0
2016-09-07,12099899904.0
2016-09-08,12145099776.0
2016-09-09,12213199872.0
2016-09-10,12281299968.0
2016-09-11,12140299776.0
2016-09-12,11999299584.0
2016-09-13,12039349760.0
2016-09-14,12079399936.0
2016-09-15,12093749760.0
2016-09-16,12108099584.0
2016-09-17,12111799808.0
2016-09-18,12115500032.0
2016-09-19,12157049856.0
2016-09-20,12198599680.0
2016-09-21,12112249856.0
2016-09-22,12025900032.0
2016-09-23,12070499840.0
2016-09-24,12115099648.0
2016-09-25,12108749824.0
2016-09-26,12102400000.0
2016-09-27,12136750080.0
2016-09-28,12171100160.0
2016-09-29,12177999872.0
2016-09-30,12184899584.0
2016-10-01,12216399872.0
2016-10-02,12247900160.0
2016-10-03,12251299840.0
2016-10-04,12254699520.0
2016-10-05,12272499712.0
2016-10-06,12290299904.0
2016-10-07,12296300032.0
2016-10-08,12302300160.0
2016-10-09,12279500288.0
2016-10-10,12256700416.0
2016-10-11,12433750016.0
2016-10-12,12610799616.0
2016-10-13,12588149760.0
2016-10-14,12565499904.0
2016-10-15,12572449792.0
2016-10-16,12579399680.0
2016-10-17,12593549824.0
2016-10-18,12607699968.0
2016-10-19,12542949888.0
2016-10-20,12478199808.0
2016-10-21,12518199808.0
2016-10-22,12558199808.0
2016-10-23,12749250048.0
2016-10-24,12940300288.0
2016-10-25,12911399936.0
2016-10-26,12882499584.0
2016-10-27,13113750016.0
2016-10-28,13345000448.0
2016-10-29,13460450304.0
2016-10-30,13575900160.0
2016-10-31,13513350144.0
2016-11-01,13450800128.0
2016-11-02,13772550144.0
2016-11-03,14094300160.0
2016-11-04,13800699904.0
2016-11-05,13507099648.0
2016-11-06,13571350016.0
2016-11-07,13635600384.0
2016-11-08,13623849984.0
2016-11-09,13612099584.0
2016-11-10,13643249664.0
2016-11-11,13674399744.0
2016-11-12,13574899712.0
2016-11-13,13475399680.0
2016-11-14,13490949632.0
2016-11-15,13506499584.0
2016-11-16,13808199680.0
2016-11-17,14109899776.0
2016-11-18,14133100032.0
2016-11-19,14156300288.0
2016-11-20,13986650112.0
2016-11-21,13816999936.0
2016-11-22,14004199936.0
2016-11-23,14191399936.0
2016-11-24,14061949952.0
2016-11-25,13932499968.0
2016-11-26,13901499904.0
2016-11-27,13870499840.0
2016-11-28,13853100032.0
2016-11-29,13835700224.0
2016-11-30,13906599936.0
2016-12-01,13977499648.0
2016-12-02,14195800064.0
2016-12-03,14414100480.0
2016-12-04,14355850240.0
2016-12-05,14297600000.0
2016-12-06,14238850048.0
2016-12-07,14180100096.0
2016-12-08,14261799936.0
2016-12-09,14343499776.0
2016-12-10,14372749824.0
2016-12-11,14401999872.0
2016-12-12,14476800000.0
2016-12-13,14551600128.0
2016-12-14,14540349952.0
2016-12-15,14529099776.0
2016-12-16,14567849984.0
2016-12-17,14606600192.0
2016-12-18,14653199872.0
2016-12-19,14699799552.0
2016-12-20,14776000000.0
2016-12-21,14852200448.0
2016-12-22,15379950080.0
2016-12-23,15907699712.0
2016-12-24,16204199936.0
2016-12-25,16500700160.0
2016-12-26,16581799936.0
2016-12-27,16662899712.0
2016-12-28,17231300096.0
2016-12-29,17799700480.0
2016-12-30,17749650432.0
2016-12-31,17699600384.0
2017-01-01,18011200512.0
2017-01-02,18322800640.0
2017-01-03,18799200256.0
2017-01-04,19275599872.0
2017-01-05,19063400448.0
2017-01-06,18851201024.0
2017-01-07,17924800512.0
2017-01-08,16998400000.0
2017-01-09,16984900096.0
2017-01-10,16971400192.0
2017-01-11,15858800128.0
2017-01-12,14746200064.0
2017-01-13,15184999936.0
2017-01-14,15623799808.0
2017-01-15,15615699968.0
2017-01-16,15607600128.0
2017-01-17,16371700224.0
2017-01-18,17135800320.0
2017-01-19,17061300224.0
2017-01-20,16986800128.0
2017-01-21,17218249728.0
2017-01-22,17449699328.0
2017-01-23,17350649856.0
2017-01-24,17251600384.0
2017-01-25,17164450304.0
2017-01-26,17077300224.0
2017-01-27,17237700096.0
2017-01-28,17398099968.0
2017-01-29,17424549888.0
2017-01-30,17450999808.0
2017-01-31,17896649728.0
2017-02-01,18342299648.0
2017-02-02,18696949760.0
2017-02-03,19051599872.0
2017-02-04,19360050176.0
2017-02-05,19668500480.0
2017-02-06,19651999744.0
2017-02-07,19635499008.0
2017-02-08,19839049728.0
2017-02-09,20042600448.0
2017-02-10,19371750400.0
2017-02-11,18700900352.0
2017-02-12,18796800000.0
2017-02-13,18892699648.0
2017-02-14,19040999424.0
2017-02-15,19189299200.0
2017-02-16,19346299904.0
2017-02-17,19503300608.0
2017-02-18,19730150400.0
2017-02-19,19957000192.0
2017-02-20,20123899904.0
2017-02-21,20290799616.0
2017-02-22,20606199808.0
2017-02-23,20921600000.0
2017-02-24,21383300096.0
2017-02-25,21845000192.0
2017-02-26,21867049984.0
2017-02-27,21889099776.0
2017-02-28,22101250048.0
2017-03-01,22313400320.0
2017-03-02,23107800064.0
2017-03-03,23902199808.0
2017-03-04,23923699712.0
2017-03-05,23945199616.0
2017-03-06,24194400256.0
2017-03-07,24443600896.0
2017-03-08,23243200512.0
2017-03-09,22042800128.0
2017-03-10,21921900544.0
2017-03-11,21801000960.0
2017-03-12,23030550528.0
2017-03-13,24260100096.0
2017-03-14,24755800064.0
2017-03-15,25251500032.0
2017-03-16,25656649728.0
2017-03-17,26061799424.0
2017-03-18,23929199616.0
2017-03-19,21796599808.0
2017-03-20,22898100224.0
2017-03-21,23999600640.0
2017-03-22,23973350400.0
2017-03-23,23947100160.0
2017-03-24,23541850112.0
2017-03-25,23136600064.0
2017-03-26,23337299968.0
2017-03-27,23537999872.0
2017-03-28,24175299584.0
2017-03-29,24812599296.0
2017-03-30,24893400064.0
2017-03-31,24974200832.0
2017-04-01,25563550720.0
2017-04-02,26152900608.0
2017-04-03,26587650048.0
2017-04-04,27022399488.0
2017-04-05,27095050240.0
2017-04-06,27167700992.0
2017-04-07,27330250752.0
2017-04-08,27492800512.0
2017-04-09,27667100672.0
2017-04-10,27841400832.0
2017-04-11,28014750720.0
2017-04-12,28188100608.0
2017-04-13,28352849920.0
2017-04-14,28517599232.0
2017-04-15,28591849472.0
2017-04-16,28666099712.0
2017-04-17,28838899712.0
2017-04-18,29011699712.0
2017-04-19,29161499648.0
2017-04-20,29311299584.0
2017-04-21,29500850176.0
2017-04-22,29690400768.0
2017-04-23,29650850816.0
2017-04-24,29611300864.0
2017-04-25,30304050176.0
2017-04-26,30996799488.0
2017-04-27,32207049728.0
2017-04-28,33417299968.0
2017-04-29,34367050752.0
2017-04-30,35316801536.0
2017-05-01,36675401728.0
2017-05-02,38034001920.0
2017-05-03,39084800000.0
2017-05-04,40135598080.0
2017-05-05,42506448896.0
2017-05-06,44877299712.0
2017-05-07,46683099136.0
2017-05-08,48488898560.0
2017-05-09,49954748416.0
2017-05-10,51420598272.0
2017-05-11,52602548224.0
2017-05-12,53784498176.0
2017-05-13,54234949632.0
2017-05-14,54685401088.0
2017-05-15,55222700032.0
2017-05-16,55759998976.0
2017-05-17,58905749504.0
2017-05-18,62051500032.0
2017-05-19,65038350336.0
2017-05-20,68025200640.0
2017-05-21,70994151424.0
2017-05-22,73963102208.0
2017-05-23,78288551936.0
2017-05-24,82614001664.0
2017-05-25,79897149440.0
2017-05-26,77180297216.0
2017-05-27,72901048320.0
2017-05-28,68621799424.0
2017-05-29,72970598400.0
2017-05-30,77319397376.0
2017-05-31,79673548800.0
2017-06-01,82027700224.0
2017-06-02,85860200448.0
2017-06-03,89692700672.0
2017-06-04,91358801920.0
2017-06-05,93024903168.0
2017-06-06,97648951296.0
2017-06-07,102272999424.0
2017-06-08,101936500736.0
2017-06-09,101600002048.0
2017-06-10,105897000960.0
2017-06-11,110193999872.0
2017-06-12,110186000384.0
2017-06-13,110178000896.0
2017-06-14,108172001280.0
2017-06-15,106166001664.0
2017-06-16,106812502016.0
2017-06-17,107459002368.0
2017-06-18,108962500608.0
2017-06-19,110465998848.0
2017-06-20,112481501184.0
2017-06-21,114497003520.0
2017-06-22,112718000128.0
2017-06-23,110938996736.0
2017-06-24,110080000000.0
2017-06-25,109221003264.0
2017-06-26,103677403136.0
2017-06-27,98133803008.0
2017-06-28,102312902656.0
2017-06-29,106492002304.0
2017-06-30,103228551168.0
2017-07-01,99965100032.0
2017-07-02,99543248896.0
2017-07-03,99121397760.0
2017-07-04,100379697152.0
2017-07-05,101637996544.0
2017-07-06,101405999104.0
2017-07-07,101174001664.0
2017-07-08,98843000832.0
2017-07-09,96512000000.0
2017-07-10,90160549888.0
2017-07-11,83809099776.0
2017-07-12,86185250816.0
2017-07-13,88561401856.0
2017-07-14,84080848896.0
2017-07-15,79600295936.0
2017-07-16,73359597568.0
2017-07-17,67118899200.0
2017-07-18,76507750400.0
2017-07-19,85896601600.0
2017-07-20,90735398912.0
2017-07-21,95574196224.0
2017-07-22,96584699904.0
2017-07-23,97595203584.0
2017-07-24,96688353280.0
2017-07-25,95781502976.0
2017-07-26,91619151872.0
2017-07-27,87456800768.0
2017-07-28,88740651008.0
2017-07-29,90024501248.0
2017-07-30,89607602176.0
2017-07-31,89190703104.0
2017-08-01,94524350464.0
2017-08-02,99857997824.0
2017-08-03,100886499328.0
2017-08-04,101915000832.0
2017-08-05,107262500864.0
2017-08-06,112610000896.0
2017-08-07,115610001408.0
2017-08-08,118610001920.0
2017-08-09,119971500032.0
2017-08-10,121332998144.0
2017-08-11,125939499008.0
2017-08-12,130545999872.0
2017-08-13,133183500288.0
2017-08-14,135821000704.0
2017-08-15,136407998464.0
2017-08-16,136994996224.0
2017-08-17,140276498432.0
2017-08-18,143558000640.0
2017-08-19,144824999936.0
2017-08-20,146091999232.0
2017-08-21,144979501056.0
2017-08-22,143867002880.0
2017-08-23,147165003776.0
2017-08-24,150463004672.0
2017-08-25,152850505728.0
2017-08-26,155238006784.0
2017-08-27,157134503936.0
2017-08-28,159031001088.0
2017-08-29,161980997632.0
2017-08-30,164930994176.0
2017-08-31,168896806912.0
2017-09-01,172862619648.0
2017-09-02,168865701888.0
2017-09-03,164868784128.0
2017-09-04,155287822336.0
2017-09-05,145706860544.0
2017-09-06,154280312832.0
2017-09-07,162853765120.0
2017-09-08,155706720256.0
2017-09-09,148559675392.0
2017-09-10,146256232448.0
2017-09-11,143952789504.0
2017-09-12,144025731072.0
2017-09-13,144098672640.0
2017-09-14,125985357824.0
2017-09-15,107872043008.0
2017-09-16,115699630080.0
2017-09-17,123527217152.0
2017-09-18,132008132608.0
2017-09-19,140489048064.0
2017-09-20,137543077888.0
2017-09-21,134597107712.0
2017-09-22,129803517952.0
2017-09-23,125009928192.0
2017-09-24,126764584960.0
2017-09-25,128519241728.0
2017-09-26,132002521088.0
2017-09-27,135485800448.0
2017-09-28,139865407488.0
2017-09-29,144245014528.0
2017-09-30,146070200320.0
2017-10-01,147895386112.0
2017-10-02,148263665664.0
2017-10-03,148631945216.0
2017-10-04,145872977920.0
2017-10-05,143114010624.0
2017-10-06,145682956288.0
2017-10-07,148251901952.0
2017-10-08,150313164800.0
2017-10-09,152374427648.0
2017-10-10,152874950656.0
2017-10-11,153375473664.0
2017-10-12,159425462272.0
2017-10-13,165475450880.0
2017-10-14,171099668480.0
2017-10-15,176723886080.0
2017-10-16,175695413248.0
2017-10-17,174666940416.0
2017-10-18,171638366208.0
2017-10-19,168609792000.0
2017-10-20,171000324096.0
2017-10-21,173390856192.0
2017-10-22,172672827392.0
2017-10-23,171954798592.0
2017-10-24,168675590144.0
2017-10-25,165396381696.0
2017-10-26,168221286400.0
2017-10-27,171046191104.0
2017-10-28,170029187072.0
2017-10-29,169012183040.0
2017-10-30,173698433024.0
2017-10-31,178384683008.0
2017-11-01,182527131648.0
2017-11-02,186669580288.0
2017-11-03,191507333120.0
2017-11-04,196345085952.0
2017-11-05,197834563584.0
2017-11-06,199324041216.0
2017-11-07,198236250112.0
2017-11-08,197148459008.0
2017-11-09,201692733440.0
2017-11-10,206237007872.0
2017-11-11,203394105344.0
2017-11-12,200551202816.0
2017-11-13,203154939904.0
2017-11-14,205758676992.0
2017-11-15,213262417920.0
2017-11-16,220766158848.0
2017-11-17,224421470208.0
2017-11-18,228076781568.0
2017-11-19,232806981632.0
2017-11-20,237537181696.0
2017-11-21,238618894336.0
2017-11-22,239700606976.0
2017-11-23,247080869888.0
2017-11-24,254461132800.0
2017-11-25,267879030784.0
2017-11-26,281296928768.0
2017-11-27,293331812352.0
2017-11-28,305366695936.0
2017-11-29,300144525312.0
2017-11-30,294922354688.0
2017-12-01,310855565312.0
2017-12-02,326788775936.0
2017-12-03,332289310720.0
2017-12-04,337789845504.0
2017-12-05,347591196672.0
2017-12-06,357392547840.0
2017-12-07,402527617024.0
2017-12-08,447662686208.0
2017-12-09,432294526976.0
2017-12-10,416926367744.0
2017-12-11,437204123648.0
2017-12-12,457481879552.0
2017-12-13,474036109312.0
2017-12-14,490590339072.0
2017-12-15,513984724992.0
2017-12-16,537379110912.0
2017-12-17,562239881216.0
2017-12-18,587100651520.0
2017-12-19,601935708160.0
2017-12-20,616770764800.0
2017-12-21,614974881792.0
2017-12-22,613178998784.0
2017-12-23,589731299328.0
2017-12-24,566283599872.0
2017-12-25,561201643520.0
2017-12-26,556119687168.0
2017-12-27,578284716032.0
2017-12-28,600449744896.0
2017-12-29,608041926656.0
2017-12-30,615634108416.0
2017-12-31,614279380992.0
2018-01-01,612924653568.0
2018-01-02,643175677952.0
2018-01-03,673426702336.0
2018-01-04,714427269120.0
2018-01-05,755427835904.0
2018-01-06,785293541376.0
2018-01-07,815159246848.0
2018-01-08,777708830720.0
2018-01-09,740258414592.0
2018-01-10,737369554944.0
2018-01-11,734480695296.0
2018-01-12,726089302016.0
2018-01-13,717697908736.0
2018-01-14,711349829632.0
2018-01-15,705001750528.0
2018-01-16,620620726272.0
2018-01-17,536239702016.0
2018-01-18,549760155648.0
2018-01-19,563280609280.0
2018-01-20,596958117888.0
2018-01-21,630635626496.0
2018-01-22,580731027456.0
2018-01-23,530826428416.0
2018-01-24,544503087104.0
2018-01-25,558179745792.0
2018-01-26,551524499456.0
2018-01-27,544869253120.0
2018-01-28,570072825856.0
2018-01-29,595276398592.0
2018-01-30,549064474624.0
2018-01-31,502852550656.0
2018-02-01,478666964992.0
2018-02-02,454481379328.0
2018-02-03,450843312128.0
2018-02-04,447205244928.0
2018-02-05,388879892480.0
2018-02-06,330554540032.0
2018-02-07,344602198016.0
2018-02-08,358649856000.0
2018-02-09,392799698944.0
2018-02-10,426949541888.0
2018-02-11,413547839488.0
2018-02-12,400146137088.0
2018-02-13,408233230336.0
2018-02-14,416320323584.0
2018-02-15,447245221888.0
2018-02-16,478170120192.0
2018-02-17,495979085824.0
2018-02-18,513788051456.0
2018-02-19,508356296704.0
2018-02-20,502924541952.0
2018-02-21,480623083520.0
2018-02-22,458321625088.0
2018-02-23,454186057728.0
2018-02-24,450050490368.0
2018-02-25,440197300224.0
2018-02-26,430344110080.0
2018-02-27,443944812544.0
2018-02-28,457545515008.0
2018-03-01,458369761280.0
2018-03-02,459194007552.0
2018-03-03,461255622656.0
2018-03-04,463317237760.0
2018-03-05,463548170240.0
2018-03-06,463779102720.0
2018-03-07,433544593408.0
2018-03-08,403310084096.0
2018-03-09,393810984960.0
2018-03-10,384311885824.0
2018-03-11,386572288000.0
2018-03-12,388832690176.0
2018-03-13,380668379136.0
2018-03-14,372504068096.0
2018-03-15,351916326912.0
2018-03-16,331328585728.0
2018-03-17,319517540352.0
2018-03-18,307706494976.0
2018-03-19,321613545472.0
2018-03-20,335520595968.0
2018-03-21,340665712640.0
2018-03-22,345810829312.0
2018-03-23,342906077184.0
2018-03-24,340001325056.0
2018-03-25,334477000704.0
2018-03-26,328952676352.0
2018-03-27,312637030400.0
2018-03-28,296321384448.0
2018-03-29,281075597312.0
2018-03-30,265829810176.0
2018-03-31,264850440192.0
2018-04-01,263871070208.0
2018-04-02,264257798144.0
2018-04-03,264644526080.0
2018-04-04,261088083968.0
2018-04-05,257531641856.0
2018-04-06,253601005568.0
2018-04-07,249670369280.0
2018-04-08,258058272768.0
2018-04-09,266446176256.0
2018-04-10,265736167424.0
2018-04-11,265026158592.0
2018-04-12,289712381952.0
2018-04-13,314398605312.0
2018-04-14,316718727168.0
2018-04-15,319038849024.0
2018-04-16,323292282880.0
2018-04-17,327545716736.0
2018-04-18,335487123456.0
2018-04-19,343428530176.0
2018-04-20,367288745984.0
2018-04-21,391148961792.0
2018-04-22,389409062912.0
2018-04-23,387669164032.0
2018-04-24,411765211136.0
2018-04-25,435861258240.0
2018-04-26,426456907776.0
2018-04-27,417052557312.0
2018-04-28,422937214976.0
2018-04-29,428821872640.0
2018-04-30,426001793024.0
2018-05-01,423181713408.0
2018-05-02,428568854528.0
2018-05-03,433955995648.0
2018-05-04,444831203328.0
2018-05-05,455706411008.0
2018-05-06,455662632960.0
2018-05-07,455618854912.0
2018-05-08,447207669760.0
2018-05-09,438796484608.0
2018-05-10,428551667712.0
2018-05-11,418306850816.0
2018-05-12,404179320832.0
2018-05-13,390051790848.0
2018-05-14,397281689600.0
2018-05-15,404511588352.0
2018-05-16,394912006144.0
2018-05-17,385312423936.0
2018-05-18,381086482432.0
2018-05-19,376860540928.0
2018-05-20,383868911616.0
2018-05-21,390877282304.0
2018-05-22,374525575168.0
2018-05-23,358173868032.0
2018-05-24,349180608512.0
2018-05-25,340187348992.0
2018-05-26,334517010432.0
2018-05-27,328846671872.0
2018-05-28,316661563392.0
2018-05-29,304476454912.0
2018-05-30,314142687232.0
2018-05-31,323808919552.0
2018-06-01,328820080640.0
2018-06-02,333831241728.0
2018-06-03,342597156864.0
2018-06-04,351363072000.0
2018-06-05,348683272192.0
2018-06-06,346003472384.0
2018-06-07,345756680192.0
2018-06-08,345509888000.0
2018-06-09,340526366720.0
2018-06-10,335542845440.0
2018-06-11,318998380544.0
2018-06-12,302453915648.0
2018-06-13,286908252160.0
2018-06-14,271362588672.0
2018-06-15,274051186688.0
2018-06-16,276739784704.0
2018-06-17,277531295744.0
2018-06-18,278322806784.0
2018-06-19,284812476416.0
2018-06-20,291302146048.0
2018-06-21,288850001920.0
2018-06-22,286397857792.0
2018-06-23,271883927552.0
2018-06-24,257369997312.0
2018-06-25,256668966912.0
2018-06-26,255967936512.0
2018-06-27,252288950272.0
2018-06-28,248609964032.0
2018-06-29,248293220352.0
2018-06-30,247976476672.0
2018-07-01,252605562880.0
2018-07-02,257234649088.0
2018-07-03,261848539136.0
2018-07-04,266462429184.0
2018-07-05,268225904640.0
2018-07-06,269989380096.0
2018-07-07,274168725504.0
2018-07-08,278348070912.0
2018-07-09,273682341888.0
2018-07-10,269016612864.0
2018-07-11,261592940544.0
2018-07-12,254169268224.0
2018-07-13,251483193344.0
2018-07-14,248797118464.0
2018-07-15,252069036032.0
2018-07-16,255340953600.0
2018-07-17,273606746112.0
2018-07-18,291872538624.0
2018-07-19,290028142592.0
2018-07-20,288183746560.0
2018-07-21,284885188608.0
2018-07-22,281586630656.0
2018-07-23,282644512768.0
2018-07-24,283702394880.0
2018-07-25,291290955776.0
2018-07-26,298879516672.0
2018-07-27,298104242176.0
2018-07-28,297328967680.0
2018-07-29,297597222912.0
2018-07-30,297865478144.0
2018-07-31,287818151337.15
2018-08-01,277770824530.3
2018-08-02,272326724708.905
2018-08-03,266882624887.51
2018-08-04,260337896013.815
2018-08-05,253793167140.12
2018-08-06,252860830054.73
2018-08-07,251928492969.34
2018-08-08,236726184962.28
2018-08-09,221523876955.22
2018-08-10,218322324953.385
2018-08-11,215120772951.55
2018-08-12,214399614233.495
2018-08-13,213678455515.44
2018-08-14,206854806547.815
2018-08-15,200031157580.19
2018-08-16,202578954006.015
2018-08-17,205126750431.84
2018-08-18,208869723374.72
2018-08-19,212612696317.6
2018-08-20,208911225420.765
2018-08-21,205209754523.93
2018-08-22,205571065237.465
2018-08-23,205932375951.0
2018-08-24,211381280790.66495
2018-08-25,216830185630.33
2018-08-26,216283800977.27
2018-08-27,215737416324.21
2018-08-28,224040492960.335
2018-08-29,232343569596.46
2018-08-30,229136390451.98
2018-08-31,225929211307.5
2018-09-01,231364326544.71
2018-09-02,236799441781.92
2018-09-03,236623578368.605
2018-09-04,236447714955.29
2018-09-05,223500502316.475
2018-09-06,210553289677.66
2018-09-07,206824289839.28
2018-09-08,203095290000.9
2018-09-09,199252047809.985
2018-09-10,195408805619.07
2018-09-11,193742207571.53
2018-09-12,192075609523.99
2018-09-13,196866906023.615
2018-09-14,201658202523.24
2018-09-15,202543809752.53
2018-09-16,203429416981.82
2018-09-17,197895429539.095
2018-09-18,192361442096.37
2018-09-19,196112001132.315
2018-09-20,199862560168.26
2018-09-21,213207690895.24
2018-09-22,226552821622.22
2018-09-23,226313878130.45
2018-09-24,226074934638.68
2018-09-25,219400058885.845
2018-09-26,212725183133.01
2018-09-27,218024732226.77
2018-09-28,223324281320.53
2018-09-29,222753452038.95505
2018-09-30,222182622757.38
2018-10-01,222218087752.915
2018-10-02,222253552748.45
2018-10-03,219242423684.325
2018-10-04,216231294620.2
2018-10-05,218315955105.46503
2018-10-06,220400615590.73
2018-10-07,219450551250.5
2018-10-08,218500486910.27
2018-10-09,219049138334.245
2018-10-10,219597789758.22
2018-10-11,207980384440.745
2018-10-12,196362979123.27
2018-10-13,199139158797.87
2018-10-14,201915338472.47
2018-10-15,206681965763.9
2018-10-16,211448593055.33
2018-10-17,211335573386.935
2018-10-18,211222553718.54
2018-10-19,209689873594.2
2018-10-20,208157193469.86
2018-10-21,208823762687.775
2018-10-22,209490331905.69
2018-10-23,209565590022.85495
2018-10-24,209640848140.02
2018-10-25,209294288377.715
2018-10-26,208947728615.41
2018-10-27,209049192089.495
2018-10-28,209150655563.58
2018-10-29,206129761714.685
2018-10-30,203108867865.79
2018-10-31,203260990008.69
2018-11-01,203413112151.59
2018-11-02,205418788688.785
2018-11-03,207424465225.98
2018-11-04,208762553676.78
2018-11-05,210100642127.58
2018-11-06,214931410409.60495
2018-11-07,219762178691.63
2018-11-08,216830365311.595
2018-11-09,213898551931.56
2018-11-10,213685366394.685
2018-11-11,213472180857.81
2018-11-12,212653449687.095
2018-11-13,211834718516.38
2018-11-14,200099028208.5
2018-11-15,188363337900.62
2018-11-16,185750240252.1
2018-11-17,183137142603.58
2018-11-18,184537640069.02
2018-11-19,185938137534.46
2018-11-20,165635710716.88
2018-11-21,145333283899.3
2018-11-22,143557283466.245
2018-11-23,141781283033.19
2018-11-24,133962940420.755
2018-11-25,126144597808.32
2018-11-26,124936490693.07
2018-11-27,123728383577.82
2018-11-28,131501302578.695
2018-11-29,139274221579.57
2018-11-30,135018154955.95
2018-12-01,130762088332.33
2018-12-02,132649435558.985
2018-12-03,134536782785.64
2018-12-04,131213465955.49
2018-12-05,127890149125.34
2018-12-06,119619020688.1
2018-12-07,111347892250.86
2018-12-08,110910602266.685
2018-12-09,110473312282.51
2018-12-10,110596506560.01
2018-12-11,110719700837.51
2018-12-12,110590766613.245
2018-12-13,110461832388.98
2018-12-14,106391876498.77
2018-12-15,102321920608.56
2018-12-16,102768540844.505
2018-12-17,103215161080.45
2018-12-18,111620859705.205
2018-12-19,120026558329.96
2018-12-20,127256744122.525
2018-12-21,134486929915.09
2018-12-22,133289125612.465
2018-12-23,132091321309.84
2018-12-24,135347161167.835
2018-12-25,138603001025.83
2018-12-26,134367668578.815
2018-12-27,130132336131.8
2018-12-28,131386492514.51
2018-12-29,132640648897.22
2018-12-30,131650839413.41
2018-12-31,130661029929.6
2019-01-01,130450869812.045
2019-01-02,130240709694.49
2019-01-03,130319468900.605
2019-01-04,130398228106.72
2019-01-05,130913585089.02
2019-01-06,131428942071.32
2019-01-07,133632519643.03
2019-01-08,135836097214.74
2019-01-09,136469005022.175
2019-01-10,137101912829.61
2019-01-11,130006752557.63
2019-01-12,122911592285.65
2019-01-13,120143426191.03
2019-01-14,117375260096.41
2019-01-15,119067449230.355
2019-01-16,120759638364.3
2019-01-17,121838939685.465
2019-01-18,122918241006.63
2019-01-19,123583723839.605
2019-01-20,124249206672.58
2019-01-21,121815850101.975
2019-01-22,119382493531.37
2019-01-23,119598410795.6
2019-01-24,119814328059.83
2019-01-25,119950947967.745
2019-01-26,120087567875.66
2019-01-27,119402097547.32
2019-01-28,118716627218.98
2019-01-29,115810698649.975
2019-01-30,112904770080.97
2019-01-31,113277777560.715
2019-02-01,113650785040.46
2019-02-02,114703079927.615
2019-02-03,115755374814.77
2019-02-04,114615073940.54
2019-02-05,113474773066.31
2019-02-06,112567928629.68
2019-02-07,111661084193.05
2019-02-08,116565211651.035
2019-02-09,121469339109.02
2019-02-10,122321182954.175
2019-02-11,123173026799.33
2019-02-12,122436003443.98
2019-02-13,121698980088.63
2019-02-14,120901611875.83
2019-02-15,120104243663.03
2019-02-16,120540634437.78
2019-02-17,120977025212.53
2019-02-18,126634683499.395
2019-02-19,132292341786.26
2019-02-20,134254256340.12
2019-02-21,136216170893.98
2019-02-22,135768585392.995
2019-02-23,135320999892.01
2019-02-24,131365338768.21
2019-02-25,127409677644.41
2019-02-26,128895565497.34
2019-02-27,130381453350.27
2019-02-28,130197925592.18
2019-03-01,130014397834.09
2019-03-02,130209062834.415
2019-03-03,130403727834.74
2019-03-04,128296084175.5
2019-03-05,126188440516.26
2019-03-06,129600919136.295
2019-03-07,133013397756.33
2019-03-08,132585004855.95
2019-03-09,132156611955.57
2019-03-10,133505200351.155
2019-03-11,134853788746.74
2019-03-12,134555656388.99
2019-03-13,134257524031.24
2019-03-14,134736838594.95
2019-03-15,135216153158.66
2019-03-16,137964688379.33002
2019-03-17,140713223600.0
2019-03-18,140205295870.53998
2019-03-19,139697368141.08
2019-03-20,140659898781.955
2019-03-21,141622429422.83
2019-03-22,140585348503.405
2019-03-23,139548267583.98
2019-03-24,139907762285.495
2019-03-25,140267256987.01
2019-03-26,139408013345.58502
2019-03-27,138548769704.16
2019-03-28,140634064159.62
2019-03-29,142719358615.08
2019-03-30,143392747904.03
2019-03-31,144066137192.98
2019-04-01,145198767723.925
2019-04-02,146331398254.87
2019-04-03,159295888392.505
2019-04-04,172260378530.14
2019-04-05,174383024008.725
2019-04-06,176505669487.31
2019-04-07,179150437830.275
2019-04-08,181795206173.24
2019-04-09,180671140024.135
2019-04-10,179547073875.03
2019-04-11,175640859192.64
2019-04-12,171734644510.25
2019-04-13,172223000988.365
2019-04-14,172711357466.48
2019-04-15,172250687262.905
2019-04-16,171790017059.33
2019-04-17,174762422748.87
2019-04-18,177734828438.41
2019-04-19,179151482579.4
2019-04-20,180568136720.39
2019-04-21,179282625760.46503
2019-04-22,177997114800.54
2019-04-23,180181555498.92
2019-04-24,182365996197.3
2019-04-25,175603406986.18
2019-04-26,168840817775.06
2019-04-27,170048994622.10498
2019-04-28,171257171469.15
2019-04-29,169991307069.44
2019-04-30,168725442669.73
2019-05-01,172220364991.365
2019-05-02,175715287313.0
2019-05-03,180511117549.215
2019-05-04,185306947785.43
2019-05-05,184325207636.75
2019-05-06,183343467488.07
2019-05-07,183510846528.76
2019-05-08,183678225569.45
2019-05-09,186254302861.66
2019-05-10,188830380153.87
2019-05-11,202880520560.61
2019-05-12,216930660967.35
2019-05-13,222775365568.57
2019-05-14,228620070169.79
2019-05-15,241786158605.445
2019-05-16,254952247041.1
2019-05-17,243612528273.39
2019-05-18,232272809505.68
2019-05-19,243441850767.09
2019-05-20,254610892028.5
2019-05-21,252044927301.15
2019-05-22,249478962573.8
2019-05-23,247154817430.275
2019-05-24,244830672286.75
2019-05-25,247977458316.79
2019-05-26,251124244346.83
2019-05-27,262692209266.85495
2019-05-28,274260174186.88
2019-05-29,274374270842.92
2019-05-30,274488367498.96
2019-05-31,273614582638.195
2019-06-01,272740797777.43
2019-06-02,274742383889.57
2019-06-03,276743970001.71
2019-06-04,261495957464.76
2019-06-05,246247944927.81
2019-06-06,248957817997.605
2019-06-07,251667691067.4
2019-06-08,252968879441.24
2019-06-09,254270067815.08
2019-06-10,255344238442.81
2019-06-11,256418409070.54
2019-06-12,259321312235.255
2019-06-13,262224215399.97
2019-06-14,267647801640.60495
2019-06-15,273071387881.24
2019-06-16,277321109871.73
2019-06-17,281570831862.22
2019-06-18,281873926930.845
2019-06-19,282177021999.47
2019-06-20,287566148222.96
2019-06-21,292955274446.45
2019-06-22,308893957890.115
2019-06-23,324832641333.78
2019-06-24,327650109028.57
2019-06-25,330467576723.36
2019-06-26,348248415467.92
2019-06-27,366029254212.48
2019-06-28,357036992454.525
2019-06-29,348044730696.57
2019-06-30,330388388457.53
2019-07-01,312732046218.49
2019-07-02,313799633919.265
2019-07-03,314867221620.04
2019-07-04,316642528757.33
2019-07-05,318417835894.62
2019-07-06,319040234534.095
2019-07-07,319662633173.57
2019-07-08,332382560774.375
2019-07-09,345102488375.18
2019-07-10,338843624445.71
2019-07-11,332584760516.24
2019-07-12,327606217292.25
2019-07-13,322627674068.26
2019-07-14,300722787988.63
2019-07-15,278817901909.0
2019-07-16,267049921957.56
2019-07-17,255281942006.12
2019-07-18,272145817465.275
2019-07-19,289009692924.43
2019-07-20,291354551130.195
2019-07-21,293699409335.96
2019-07-22,288043106366.28503
2019-07-23,282386803396.61
2019-07-24,276967554579.87
2019-07-25,271548305763.13
2019-07-26,272712368051.365
2019-07-27,273876430339.6
2019-07-28,269352948105.66
2019-07-29,264829465871.72
2019-07-30,265364319657.525
2019-07-31,265899173443.33
2019-08-01,274393415467.08505
2019-08-02,282887657490.84
2019-08-03,286711399337.23
2019-08-04,290535141183.62
2019-08-05,300686366150.08496
2019-08-06,310837591116.55
2019-08-07,310606669518.12
2019-08-08,310375747919.69
2019-08-09,306980681886.595
2019-08-10,303585615853.5
2019-08-11,301798332800.175
2019-08-12,300011049746.85
2019-08-13,293067291412.92
2019-08-14,286123533078.99
2019-08-15,277407877709.76
2019-08-16,268692222340.53
2019-08-17,267143020807.46
2019-08-18,265593819274.39
2019-08-19,274312365154.055
2019-08-20,283030911033.72
2019-08-21,273182873122.71
2019-08-22,263334835211.7
2019-08-23,267332778712.3
2019-08-24,271330722212.9
2019-08-25,267697382873.89505
2019-08-26,264064043534.89
2019-08-27,264534164842.935
2019-08-28,265004286150.98
2019-08-29,255911863286.07
2019-08-30,246819440421.16
2019-08-31,248194667697.20505
2019-09-01,249569894973.25
2019-09-02,257206970829.36
2019-09-03,264844046685.47
2019-09-04,266474293544.54495
2019-09-05,268104540403.62
2019-09-06,265074304194.06
2019-09-07,262044067984.5
2019-09-08,264867675284.42
2019-09-09,267691282584.34
2019-09-10,264192210127.89
2019-09-11,260693137671.44
2019-09-12,263140025630.14505
2019-09-13,265586913588.85
2019-09-14,265938623252.365
2019-09-15,266290332915.88
2019-09-16,266265935347.58505
2019-09-17,266241537779.29
2019-09-18,269030939406.535
2019-09-19,271820341033.78
2019-09-20,270976085405.7
2019-09-21,270131829777.62
2019-09-22,267785924603.195
2019-09-23,265440019428.77
2019-09-24,244305362542.555
2019-09-25,223170705656.34
2019-09-26,218726386001.49
2019-09-27,214282066346.64
2019-09-28,216477943584.12
2019-09-29,218673820821.6
2019-09-30,219924333497.92
2019-10-01,221174846174.24
2019-10-02,222334653763.41
2019-10-03,223494461352.58
2019-10-04,221265712176.995
2019-10-05,219036963001.41
2019-10-06,216709260971.68
2019-10-07,214381558941.95
2019-10-08,218508242501.09003
2019-10-09,222634926060.23
2019-10-10,226588381762.53
2019-10-11,230541837464.83
2019-10-12,227192855446.325
2019-10-13,223843873427.82
2019-10-14,225650906530.14505
2019-10-15,227457939632.47
2019-10-16,222766730118.56
2019-10-17,218075520604.65
2019-10-18,217567204117.91
2019-10-19,217058887631.17
2019-10-20,219895517883.24
2019-10-21,222732148135.31
2019-10-22,221061579368.83
2019-10-23,219391010602.35
2019-10-24,212519260285.04
2019-10-25,205647509967.73
2019-10-26,224868245031.20505
2019-10-27,244088980094.68
2019-10-28,245102219266.945
2019-10-29,246115458439.21
2019-10-30,246238667106.495
2019-10-31,246361875773.78
2019-11-01,246877388038.18
2019-11-02,247392900302.58
2019-11-03,247232805753.05
2019-11-04,247072711203.52
2019-11-05,249487026893.8
2019-11-06,251901342584.08
2019-11-07,250897956669.08
2019-11-08,249894570754.08
2019-11-09,244838250311.685
2019-11-10,239781929869.29
2019-11-11,239586928546.62003
2019-11-12,239391927223.95
2019-11-13,240315682251.93
2019-11-14,241239437279.91
2019-11-15,236902275322.14
2019-11-16,232565113364.37
2019-11-17,233878932917.11
2019-11-18,235192752469.85
2019-11-19,229857316040.44
2019-11-20,224521879611.03
2019-11-21,216661731138.73
2019-11-22,208801582666.43
2019-11-23,205668628320.21
2019-11-24,202535673973.99
2019-11-25,198467020579.5
2019-11-26,194398367185.01
2019-11-27,199562301188.77
2019-11-28,204726235192.53
2019-11-29,207443763274.11
2019-11-30,210161291355.69
2019-12-01,206148615509.105
2019-12-02,202135939662.52
2019-12-03,200423839641.9
2019-12-04,198711739621.28
2019-12-05,200127368622.02
2019-12-06,201542997622.76
2019-12-07,202875447610.35
2019-12-08,204207897597.94
2019-12-09,202379058211.22
2019-12-10,200550218824.5
2019-12-11,198586352077.24
2019-12-12,196622485329.98
2019-12-13,197118213030.23
2019-12-14,197613940730.48
2019-12-15,196364132695.46503
2019-12-16,195114324660.45
2019-12-17,186142778729.63
2019-12-18,177171232798.81
2019-12-19,184273026675.135
2019-12-20,191374820551.46
2019-12-21,190931492240.405
2019-12-22,190488163929.35
2019-12-23,191957547330.395
2019-12-24,193426930731.44
2019-12-25,192559332819.05505
2019-12-26,191691734906.67
2019-12-27,192088981113.61
2019-12-28,192486227320.55
2019-12-29,194707287038.1
2019-12-30,196928346755.65
2019-12-31,193917178054.265
2020-01-01,190906009352.88
2020-01-02,188353830284.325
2020-01-03,185801651215.77
2020-01-04,191701448812.17
2020-01-05,197601246408.57
2020-01-06,203215491860.875
2020-01-07,208829737313.18
2020-01-08,210704863546.5
2020-01-09,212579989779.82
2020-01-10,214861411842.095
2020-01-11,217142833904.37
2020-01-12,217994372835.62
2020-01-13,218845911766.87
2020-01-14,230268115199.64
2020-01-15,241690318632.41
2020-01-16,240592745996.215
2020-01-17,239495173360.02
2020-01-18,242009875447.47495
2020-01-19,244524577534.93
2020-01-20,241477750002.085
2020-01-21,238430922469.24
2020-01-22,239349430591.57
2020-01-23,240267938713.9
2020-01-24,236337577935.59
2020-01-25,232407217157.28
2020-01-26,235081487331.29
2020-01-27,237755757505.3
2020-01-28,247164995936.69
2020-01-29,256574234368.08
2020-01-30,259298742530.03
2020-01-31,262023250691.98
2020-02-01,260569258546.03
2020-02-02,259115266400.08
2020-02-03,259376503447.6
2020-02-04,259637740495.12
2020-02-05,265838959985.525
2020-02-06,272040179475.93
2020-02-07,275442006056.5749
2020-02-08,278843832637.22
2020-02-09,284405618365.755
2020-02-10,289967404094.29
2020-02-11,292096816883.815
2020-02-12,294226229673.34
2020-02-13,297789112804.93005
2020-02-14,301351995936.52
2020-02-15,296159921010.335
2020-02-16,290967846084.15
2020-02-17,287233011241.525
2020-02-18,283498176398.9
2020-02-19,281284067322.96
2020-02-20,279069958247.02
2020-02-21,280265694156.935
2020-02-22,281461430066.85
2020-02-23,285241998969.645
2020-02-24,289022567872.44
2020-02-25,278341227098.0
2020-02-26,267659886323.56
2020-02-27,259260055828.515
2020-02-28,250860225333.47
2020-02-29,247938227084.36
2020-03-01,245016228835.25
2020-03-02,249557883527.58505
2020-03-03,254099538219.92
2020-03-04,252765181318.165
2020-03-05,251430824416.41
2020-03-06,257397700024.885
2020-03-07,263364575633.36
2020-03-08,247255067244.22
2020-03-09,231145558855.08
2020-03-10,228243882390.98
2020-03-11,225342205926.88
2020-03-12,184120059241.9
2020-03-13,142897912556.92
2020-03-14,145823227462.985
2020-03-15,148748542369.05
2020-03-16,145690898977.08
2020-03-17,142633255585.11
2020-03-18,146802300359.11
2020-03-19,150971345133.11
2020-03-20,162096184397.72998
2020-03-21,173221023662.35
2020-03-22,168287677365.41998
2020-03-23,163354331068.49
2020-03-24,174776996113.885
2020-03-25,186199661159.28
2020-03-26,186995549675.72
2020-03-27,187791438192.16
2020-03-28,181776615867.995
2020-03-29,175761793543.83
2020-03-30,177383206976.125
2020-03-31,179004620408.42
2020-04-01,182456091438.08
2020-04-02,185907562467.74
2020-04-03,187615869155.945
2020-04-04,189324175844.15
2020-04-05,189939005561.15
2020-04-06,190553835278.15
2020-04-07,197105249270.445
2020-04-08,203656663262.74
2020-04-09,206319336038.805
2020-04-10,208982008814.87
2020-04-11,202460364982.24
2020-04-12,195938721149.61
2020-04-13,195738033143.025
2020-04-14,195537345136.44
2020-04-15,192272004340.06
2020-04-16,189006663543.68
2020-04-17,196383559665.22
2020-04-18,203760455786.76
2020-04-19,205318551969.13
2020-04-20,206876648151.5
2020-04-21,202703827433.575
2020-04-22,198531006715.65
2020-04-23,205871806313.095
2020-04-24,213212605910.54
2020-04-25,215775177283.71
2020-04-26,218337748656.88
2020-04-27,220867224359.39505
2020-04-28,223396700061.91
2020-04-29,235921287540.45
2020-04-30,248445875018.99
2020-05-01,248559356272.20505
2020-05-02,248672837525.42
2020-05-03,248810403789.72
2020-05-04,248947970054.02
2020-05-05,249266051326.07
2020-05-06,249584132598.12
2020-05-07,259304292859.67
2020-05-08,269024453121.22
2020-05-09,265722038120.49
2020-05-10,262419623119.76
2020-05-11,248975585657.365
2020-05-12,235531548194.97
2020-05-13,243973584878.71
2020-05-14,252415621562.45
2020-05-15,255684277898.25
2020-05-16,258952934234.05
2020-05-17,265863197737.27
2020-05-18,272773461240.49
2020-05-19,267167546789.42
2020-05-20,261561632338.35
2020-05-21,256219354035.965
2020-05-22,250877075733.58
2020-05-23,253476949126.35495
2020-05-24,256076822519.13
2020-05-25,253103084470.69
2020-05-26,250129346422.25
2020-05-27,253219684717.58505
2020-05-28,256310023012.92
2020-05-29,259906668404.19
2020-05-30,263503313795.46
2020-05-31,264691528399.26
2020-06-01,265879743003.06
2020-06-02,267774464330.01
2020-06-03,269669185656.96
2020-06-04,273683698246.635
2020-06-05,277698210836.31
2020-06-06,276015446958.71497
2020-06-07,274332683081.12
2020-06-08,276214681815.96497
2020-06-09,278096680550.81
2020-06-10,279219224291.97
2020-06-11,280341768033.13
2020-06-12,274875742275.2
2020-06-13,269409716517.27
2020-06-14,267722805932.21
2020-06-15,266035895347.15
2020-06-16,267607062503.615
2020-06-17,269178229660.08
2020-06-18,267898904476.505
2020-06-19,266619579292.93
2020-06-20,266321130903.04495
2020-06-21,266022682513.16
2020-06-22,270126907366.25
2020-06-23,274231132219.34
2020-06-24,269947691749.72
2020-06-25,265664251280.1
2020-06-26,263789822749.73
2020-06-27,261915394219.36
2020-06-28,260477739552.96
2020-06-29,259040084886.56
2020-06-30,259680486898.115
2020-07-01,260320888909.67
2020-07-02,260589358685.91
2020-07-03,260857828462.15
2020-07-04,261020059781.95505
2020-07-05,261182291101.76
2020-07-06,265687446879.77505
2020-07-07,270192602657.79
2020-07-08,273536597547.85495
2020-07-09,276880592437.92
2020-07-10,274606014747.32
2020-07-11,272331437056.72
2020-07-12,273460882298.71
2020-07-13,274590327540.7
2020-07-14,273960196505.95505
2020-07-15,273330065471.21
2020-07-16,271589595524.5
2020-07-17,269849125577.79
2020-07-18,270768577198.98
2020-07-19,271688028820.17
2020-07-20,271247542809.44
2020-07-21,270807056798.71
2020-07-22,277606368052.095
2020-07-23,284405679305.48
2020-07-24,285586724483.045
2020-07-25,286767769660.61
2020-07-26,293310040691.495
2020-07-27,299852311722.38
2020-07-28,311027406337.445
2020-07-29,322202500952.51
2020-07-30,325532945473.195
2020-07-31,328863389993.88
2020-08-01,340963814426.94
2020-08-02,353064238860.0
2020-08-03,348038550886.56
2020-08-04,343012862913.12
2020-08-05,349404873525.82
2020-08-06,355796884138.52
2020-08-07,353006437796.30505
2020-08-08,350215991454.09
2020-08-09,353756848222.435
2020-08-10,357297704990.78
2020-08-11,353135127774.88
2020-08-12,348972550558.98
2020-08-13,359195130781.495
2020-08-14,369417711004.01
2020-08-15,371200229256.365
2020-08-16,372982747508.72
2020-08-17,378180119784.78
2020-08-18,383377492060.84
2020-08-19,374399199436.96
2020-08-20,365420906813.08
2020-08-21,362013112771.15
2020-08-22,358605318729.22
2020-08-23,361062439966.525
2020-08-24,363519561203.83
2020-08-25,358784679892.135
2020-08-26,354049798580.44
2020-08-27,353399633076.82
2020-08-28,352749467573.2
2020-08-29,358081544945.4
2020-08-30,363413622317.6
2020-08-31,370421551015.885
2020-09-01,377429479714.17
2020-09-02,376508282881.14
2020-09-03,375587086048.11
2020-09-04,359006152484.36
2020-09-05,342425218920.61
2020-09-06,336461004039.8249
2020-09-07,330496789159.04
2020-09-08,327014551984.01
2020-09-09,323532314808.98
2020-09-10,329858616698.28
2020-09-11,336184918587.58
2020-09-12,340399485929.01
2020-09-13,344614053270.44
2020-09-14,345842886583.365
2020-09-15,347071719896.29
2020-09-16,347518627912.805
2020-09-17,347965535929.32
2020-09-18,349430506609.39
2020-09-19,350895477289.46
2020-09-20,348964347503.91504
2020-09-21,347033217718.37
2020-09-22,339530293152.255
2020-09-23,332027368586.14
2020-09-24,335004228554.685
2020-09-25,337981088523.23
2020-09-26,339827403578.555
2020-09-27,341673718633.88
2020-09-28,341267716455.65
2020-09-29,340861714277.42
2020-09-30,342692924635.58
2020-10-01,344524134993.74
2020-10-02,339902668628.05
2020-10-03,335281202262.36
2020-10-04,337407838843.97
2020-10-05,339534475425.58
2020-10-06,336579293895.21497
2020-10-07,333624112364.85
2020-10-08,338582215161.345
2020-10-09,343540317957.84
2020-10-10,350726605451.625
2020-10-11,357912892945.41
2020-10-12,361796103567.985
2020-10-13,365679314190.56
2020-10-14,363205740610.075
2020-10-15,360732167029.59
2020-10-16,357960152770.66504
2020-10-17,355188138511.74
2020-10-18,358157505221.22
2020-10-19,361126871930.7
2020-10-20,362886727569.66
2020-10-21,364646583208.62
2020-10-22,379683736650.77
2020-10-23,394720890092.92
2020-10-24,396395115767.175
2020-10-25,398069341441.43
2020-10-26,395623360128.645
2020-10-27,393177378815.86
2020-10-28,393827237646.17
2020-10-29,394477096476.48
2020-10-30,395238341217.065
2020-10-31,395999585957.65
2020-11-01,398912046565.42505
2020-11-02,401824507173.2
2020-11-03,401424036243.16
2020-11-04,401023565313.12
2020-11-05,419286609861.83496
2020-11-06,437549654410.55
2020-11-07,433200732717.145
2020-11-08,428851811023.74
2020-11-09,435123073845.96
2020-11-10,441394336668.18
2020-11-11,446647679864.71
2020-11-12,451901023061.24
2020-11-13,459718529871.07495
2020-11-14,467536036680.91
2020-11-15,461588399511.84
2020-11-16,455640762342.77
2020-11-17,477025008784.33
2020-11-18,498409255225.89
2020-11-19,498869366871.97504
2020-11-20,499329478518.06
2020-11-21,520374720775.85
2020-11-22,541419963033.64
2020-11-23,547794990257.3501
2020-11-24,554170017481.06
2020-11-25,556881929355.03
2020-11-26,559593841229.0
2020-11-27,534972568542.9
2020-11-28,510351295856.8
2020-11-29,527470308103.94
2020-11-30,544589320351.08
2020-12-01,552029679623.875
2020-12-02,559470038896.67
2020-12-03,569475491108.6951
2020-12-04,579480943320.72
2020-12-05,573928206380.325
2020-12-06,568375469439.93
2020-12-07,568698268816.96
2020-12-08,569021068193.99
2020-12-09,559967351381.76
2020-12-10,550913634569.53
2020-12-11,541476557569.895
2020-12-12,532039480570.26
2020-12-13,547171570102.98
2020-12-14,562303659635.7
2020-12-15,564429649097.435
2020-12-16,566555638559.17
2020-12-17,606609143119.835
2020-12-18,646662647680.5
2020-12-19,659746424378.645
2020-12-20,672830201076.79
2020-12-21,656156149922.66
2020-12-22,639482098768.53
2020-12-23,631797576572.3401
2020-12-24,624113054376.15
2020-12-25,645731272551.925
2020-12-26,667349490727.7
2020-12-27,685767588571.155
2020-12-28,704185686414.61
2020-12-29,718303856854.175
2020-12-30,732422027293.74
2020-12-31,748867496566.655
2021-01-01,765312965839.57
2021-01-02,798181904731.095
2021-01-03,831050843622.62
2021-01-04,850299665037.61
2021-01-05,869548486452.6
2021-01-06,934890438611.14
2021-01-07,1000232390769.68
2021-01-08,1039191891816.86
2021-01-09,1078151392864.04
2021-01-10,1062928622388.74
2021-01-11,1047705851913.44
2021-01-12,983816004375.405
2021-01-13,919926156837.37
2021-01-14,989476585470.735
2021-01-15,1059027014104.1
2021-01-16,1035694742603.585
2021-01-17,1012362471103.07
2021-01-18,1021371022717.0048
2021-01-19,1030379574330.94
2021-01-20,1028016492583.23
2021-01-21,1025653410835.52
2021-01-22,987788227875.98
2021-01-23,949923044916.44
2021-01-24,956906319030.36
2021-01-25,963889593144.28
2021-01-26,963427769686.96
2021-01-27,962965946229.64
2021-01-28,972182544298.83
2021-01-29,981399142368.02
2021-01-30,999931436831.105
2021-01-31,1018463731294.19
2021-02-01,1012456491052.21
2021-02-02,1006449250810.23
2021-02-03,1069313493301.225
2021-02-04,1132177735792.22
2021-02-05,1154414129479.8398
2021-02-06,1176650523167.46
2021-02-07,1180610134489.625
2021-02-08,1184569745811.79
2021-02-09,1284362182879.61
2021-02-10,1384154619947.43
2021-02-11,1414771226573.615
2021-02-12,1445387833199.8
2021-02-13,1458806491608.435
2021-02-14,1472225150017.07
2021-02-15,1468241843165.435
2021-02-16,1464258536313.8
2021-02-17,1517994343393.33
2021-02-18,1571730150472.86
2021-02-19,1639141069579.705
2021-02-20,1706551988686.55
2021-02-21,1725331854813.585
2021-02-22,1744111720940.62
2021-02-23,1605584173235.875
2021-02-24,1467056625531.13
2021-02-25,1448824358548.665
2021-02-26,1430592091566.2
2021-02-27,1426051596863.35
2021-02-28,1421511102160.5
2021-03-01,1468344533234.9849
2021-03-02,1515177964309.47
2021-03-03,1529463323164.855
2021-03-04,1543748682020.24
2021-03-05,1523150773672.38
2021-03-06,1502552865324.52
2021-03-07,1543874719008.1
2021-03-08,1585196572691.68
2021-03-09,1644745546636.745
2021-03-10,1704294520581.81
2021-03-11,1727664084229.635
2021-03-12,1751033647877.46
2021-03-13,1796063888531.725
2021-03-14,1841094129185.99
2021-03-15,1774185159227.48
2021-03-16,1707276189268.97
2021-03-17,1754473989383.98
2021-03-18,1801671789498.99
2021-03-19,1800886027667.89
2021-03-20,1800100265836.79
2021-03-21,1790873796683.2651
2021-03-22,1781647327529.74
2021-03-23,1744687245237.3
2021-03-24,1707727162944.86
2021-03-25,1665628418547.14
2021-03-26,1623529674149.42
2021-03-27,1689705151460.06
2021-03-28,1755880628770.7
2021-03-29,1790841267701.18
2021-03-30,1825801906631.66
2021-03-31,1852797008380.315
2021-04-01,1879792110128.97
2021-04-02,1914033830199.99
2021-04-03,1948275550271.01
2021-04-04,1948639064414.83
2021-04-05,1949002578558.65
2021-04-06,1966575703900.71
2021-04-07,1984148829242.77
2021-04-08,1980989860568.955
2021-04-09,1977830891895.14
2021-04-10,2011618287979.62
2021-04-11,2045405684064.1
2021-04-12,2062900947403.925
2021-04-13,2080396210743.75
2021-04-14,2149141917388.89
2021-04-15,2217887624034.03
2021-04-16,2227758090850.815
2021-04-17,2237628557667.6
2021-04-18,2143566450236.275
2021-04-19,2049504342804.95
2021-04-20,2059013965060.285
2021-04-21,2068523587315.62
2021-04-22,1992676669006.54
2021-04-23,1916829750697.46
2021-04-24,1871555500384.115
2021-04-25,1826281250070.77
2021-04-26,1922835823175.135
2021-04-27,2019390396279.5
2021-04-28,2056869838227.62
2021-04-29,2094349280175.74
2021-04-30,2148269524751.52
2021-05-01,2202189769327.3
2021-05-02,2207978369200.9
2021-05-03,2213766969074.5
2021-05-04,2195734610332.98
2021-05-05,2177702251591.46
2021-05-06,2274481467774.51
2021-05-07,2371260683957.56
2021-05-08,2417383542982.2847
2021-05-09,2463506402007.01
2021-05-10,2408898186350.005
2021-05-11,2354289970693.0
2021-05-12,2282183485944.48
2021-05-13,2210077001195.96
2021-05-14,2272580981035.955
2021-05-15,2335084960875.95
2021-05-16,2252126520174.27
2021-05-17,2169168079472.59
2021-05-18,2108378851292.215
2021-05-19,2047589623111.84
2021-05-20,1917703120177.48
2021-05-21,1787816617243.12
2021-05-22,1670061811776.5952
2021-05-23,1552307006310.07
2021-05-24,1606832301109.08
2021-05-25,1661357595908.09
2021-05-26,1706222307543.39
2021-05-27,1751087019178.69
2021-05-28,1650901082970.78
2021-05-29,1550715146762.87
2021-05-30,1547220518573.5151
2021-05-31,1543725890384.16
2021-06-01,1589824237449.9
2021-06-02,1635922584515.64
2021-06-03,1701631240287.2
2021-06-04,1767339896058.76
2021-06-05,1690074188126.0151
2021-06-06,1612808480193.27
2021-06-07,1572906215227.06
2021-06-08,1533003950260.85
2021-06-09,1581905420526.86
2021-06-10,1630806890792.87
2021-06-11,1591042222829.145
2021-06-12,1551277554865.42
2021-06-13,1590464125702.68
2021-06-14,1629650696539.94
2021-06-15,1640559705366.065
2021-06-16,1651468714192.19
2021-06-17,1618454341649.4849
2021-06-18,1585439969106.78
2021-06-19,1531518345437.585
2021-06-20,1477596721768.39
2021-06-21,1376885062969.1348
2021-06-22,1276173404169.88
2021-06-23,1314695858285.065
2021-06-24,1353218312400.25
2021-06-25,1315633654728.4102
2021-06-26,1278048997056.57
2021-06-27,1329831425087.2002
2021-06-28,1381613853117.83
2021-06-29,1417335438629.85
2021-06-30,1453057024141.87
2021-07-01,1418442624062.75
2021-07-02,1383828223983.63
2021-07-03,1408819331467.6948
2021-07-04,1433810438951.76
2021-07-05,1421240248298.45
2021-07-06,1408670057645.14
2021-07-07,1425289905145.895
2021-07-08,1441909752646.65
2021-07-09,1423729228849.0698
2021-07-10,1405548705051.49
2021-07-11,1409693141449.585
2021-07-12,1413837577847.68
2021-07-13,1375782247985.25
2021-07-14,1337726918122.82
2021-07-15,1321763572711.815
2021-07-16,1305800227300.81
2021-07-17,1282402048706.565
2021-07-18,1259003870112.32
2021-07-19,1252103342434.51
2021-07-20,1245202814756.7
2021-07-21,1276595032409.075
2021-07-22,1307987250061.45
2021-07-23,1340478481029.38
2021-07-24,1372969711997.31
2021-07-25,1399607239503.37
2021-07-26,1426244767009.43
2021-07-27,1481929799829.12
2021-07-28,1537614832648.81
2021-07-29,1554218822173.2852
2021-07-30,1570822811697.76
2021-07-31,1603161138707.8052
2021-08-01,1635499465717.85
2021-08-02,1617665866644.53
2021-08-03,1599832267571.21
2021-08-04,1617806348997.245
2021-08-05,1635780430423.28
2021-08-06,1685717842856.87
2021-08-07,1735655255290.46
2021-08-08,1755078302634.545
2021-08-09,1774501349978.63
2021-08-10,1822150252840.91
2021-08-11,1869799155703.19
2021-08-12,1863997665987.855
2021-08-13,1858196176272.52
2021-08-14,1928407835474.695
2021-08-15,1998619494676.87
2021-08-16,1982554360067.145
2021-08-17,1966489225457.42
2021-08-18,1941060100048.43
2021-08-19,1915630974639.44
2021-08-20,2010481036341.475
2021-08-21,2105331098043.51
2021-08-22,2104292584573.865
2021-08-23,2103254071104.22
2021-08-24,2075112875055.15
2021-08-25,2046971679006.08
2021-08-26,2022452253936.65
2021-08-27,1997932828867.22
2021-08-28,2051146242459.76
2021-08-29,2104359656052.3
2021-08-30,2075377920468.5
2021-08-31,2046396184884.7
2021-09-01,2128293464033.745
2021-09-02,2210190743182.79
2021-09-03,2239708026737.495
2021-09-04,2269225310292.2
2021-09-05,2306311181250.015
2021-09-06,2343397052207.83
2021-09-07,2214081793955.345
2021-09-08,2084766535702.86
2021-09-09,2100528298759.895
2021-09-10,2116290061816.93
2021-09-11,2091362745815.7
2021-09-12,2066435429814.47
2021-09-13,2057759404055.845
2021-09-14,2049083378297.22
2021-09-15,2121466793383.6948
2021-09-16,2193850208470.17
2021-09-17,2152093156641.865
2021-09-18,2110336104813.56
2021-09-19,2106241461082.885
2021-09-20,2102146817352.21
2021-09-21,1946033096148.495
2021-09-22,1789919374944.78
2021-09-23,1901665472137.195
2021-09-24,2013411569329.61
2021-09-25,1956085407262.36
2021-09-26,1898759245195.11
2021-09-27,1883278209998.915
2021-09-28,1867797174802.72
2021-09-29,1855820517251.935
2021-09-30,1843843859701.15
2021-10-01,1975476107916.86
2021-10-02,2107108356132.57
2021-10-03,2125721458943.125
2021-10-04,2144334561753.68
2021-10-05,2187266512836.33
2021-10-06,2230198463918.98
2021-10-07,2257528491775.895
2021-10-08,2284858519632.81
2021-10-09,2302725694700.4854
2021-10-10,2320592869768.16
2021-10-11,2329219811088.156
2021-10-12,2337846752408.15
2021-10-13,2349931960425.7
2021-10-14,2362017168443.25
2021-10-15,2425745666284.63
2021-10-16,2489474164126.01
2021-10-17,2485803439740.145
2021-10-18,2482132715354.28
2021-10-19,2510717230409.56
2021-10-20,2539301745464.84
2021-10-21,2541624035364.84
2021-10-22,2543946325264.84
2021-10-23,2551151105788.64
2021-10-24,2558355886312.44
2021-10-25,2589313103785.38
2021-10-26,2620270321258.32
2021-10-27,2536655692595.3447
2021-10-28,2453041063932.37
2021-10-29,2557004764713.435
2021-10-30,2660968465494.5
2021-10-31,2642219590311.44
2021-11-01,2623470715128.38
2021-11-02,2683942019411.645
2021-11-03,2744413323694.91
2021-11-04,2726234903518.115
2021-11-05,2708056483341.32
2021-11-06,2719034681409.895
2021-11-07,2730012879478.47
2021-11-08,2824862470522.93
2021-11-09,2919712061567.39
2021-11-10,2857687262901.415
2021-11-11,2795662464235.44
2021-11-12,2805990781318.425
2021-11-13,2816319098401.41
2021-11-14,2836360770877.305
2021-11-15,2856402443353.2
2021-11-16,2733340055598.215
2021-11-17,2610277667843.23
2021-11-18,2545122200289.5547
2021-11-19,2479966732735.88
2021-11-20,2570925028451.08
2021-11-21,2661883324166.28
2021-11-22,2596860729422.73
2021-11-23,2531838134679.18
2021-11-24,2555007027875.795
2021-11-25,2578175921072.41
2021-11-26,2505276480663.52
2021-11-27,2432377040254.63
2021-11-28,2501667871473.735
2021-11-29,2570958702692.84
2021-11-30,2590827940241.61
2021-12-01,2610697177790.38
2021-12-02,2608488035111.8047
2021-12-03,2606278892433.23
2021-12-04,2465777831021.605
2021-12-05,2325276769609.98
2021-12-06,2345471934221.54
2021-12-07,2365667098833.1
2021-12-08,2381898025775.09
2021-12-09,2398128952717.08
2021-12-10,2292177048331.55
2021-12-11,2186225143946.02
2021-12-12,2246940550699.3447
2021-12-13,2307655957452.67
2021-12-14,2251256932379.225
2021-12-15,2194857907305.78
2021-12-16,2199755496411.32
2021-12-17,2204653085516.86
2021-12-18,2205794077759.295
2021-12-19,2206935070001.73
2021-12-20,2202401369608.2803
2021-12-21,2197867669214.83
2021-12-22,2237312998507.375
2021-12-23,2276758327799.92
2021-12-24,2314139184386.275
2021-12-25,2351520040972.63
2021-12-26,2371416085011.685
2021-12-27,2391312129050.74
2021-12-28,2315552788572.01
2021-12-29,2239793448093.28
2021-12-30,2228690394840.3447
2021-12-31,2217587341587.41
2022-01-01,2235306340874.745
2022-01-02,2253025340162.08
2022-01-03,2239119360576.5547
2022-01-04,2225213380991.03
2022-01-05,2153994440810.765
2022-01-06,2082775500630.5
2022-01-07,2026135873163.52
2022-01-08,1969496245696.54
2022-01-09,1969398502273.045
2022-01-10,1969300758849.55
2022-01-11,1989742162683.905
2022-01-12,2010183566518.26
2022-01-13,2014955259314.175
2022-01-14,2019726952110.09
2022-01-15,2043716267839.66
2022-01-16,2067705583569.23
2022-01-17,2043183771147.85
2022-01-18,2018661958726.47
2022-01-19,1991043045227.1748
2022-01-20,1963424131727.88
2022-01-21,1832468620473.305
2022-01-22,1701513109218.73
2022-01-23,1686831933292.83
2022-01-24,1672150757366.93
2022-01-25,1676491999331.75
2022-01-26,1680833241296.57
2022-01-27,1676565555003.9302
2022-01-28,1672297868711.29
2022-01-29,1701686981282.655
2022-01-30,1731076093854.02
2022-01-31,1739387004407.08
2022-02-01,1747697914960.14
2022-02-02,1727280611303.305
2022-02-03,1706863307646.47
2022-02-04,1793083704868.225
2022-02-05,1879304102089.98
2022-02-06,1906675457794.26
2022-02-07,1934046813498.54
2022-02-08,1966631448771.2
2022-02-09,1999216084043.86
2022-02-10,1983726655734.195
2022-02-11,1968237227424.53
2022-02-12,1930029423430.505
2022-02-13,1891821619436.48
2022-02-14,1895859592663.225
2022-02-15,1899897565889.97
2022-02-16,1941624202263.905
2022-02-17,1983350838637.84
2022-02-18,1898309715580.18
2022-02-19,1813268592522.52
2022-02-20,1774565689084.7
2022-02-21,1735862785646.88
2022-02-22,1729575918330.23
2022-02-23,1723289051013.58
2022-02-24,1717011169016.925
2022-02-25,1710733287020.27
2022-02-26,1744875967754.825
2022-02-27,1779018648489.38
2022-02-28,1843958262921.025
2022-03-01,1908897877352.67
2022-03-02,1919129475377.48
2022-03-03,1929361073402.29
2022-03-04,1839432334606.495
2022-03-05,1749503595810.7
2022-03-06,1736562678787.2
2022-03-07,1723621761763.7
2022-03-08,1729473135672.61
2022-03-09,1735324509581.52
2022-03-10,1746235317902.4648
2022-03-11,1757146126223.41
2022-03-12,1746338189569.24
2022-03-13,1735530252915.07
2022-03-14,1745090843956.135
2022-03-15,1754651434997.2
2022-03-16,1790195134121.275
2022-03-17,1825738833245.35
2022-03-18,1851516436985.7
2022-03-19,1877294040726.05
2022-03-20,1867891546631.675
2022-03-21,1858489052537.3
2022-03-22,1887801663231.125
2022-03-23,1917114273924.95
2022-03-24,1956299740931.58
2022-03-25,1995485207938.21
2022-03-26,2003784726599.345
2022-03-27,2012084245260.48
2022-03-28,2062144518808.46
2022-03-29,2112204792356.44
2022-03-30,2127203415331.73
2022-03-31,2142202038307.02
2022-04-01,2140835318607.51
2022-04-02,2139468598908.0
2022-04-03,2153058126200.0352
2022-04-04,2166647653492.07
2022-04-05,2138823365554.66
2022-04-06,2110999077617.25
2022-04-07,2062386678960.5896
2022-04-08,2013774280303.93
2022-04-09,2000174169459.145
2022-04-10,1986574058614.36
2022-04-11,1906903305799.69
2022-04-12,1827232552985.02
2022-04-13,1868717710804.13
2022-04-14,1910202868623.24
2022-04-15,1897142400067.6
2022-04-16,1884081931511.96
2022-04-17,1865156451680.26
2022-04-18,1846230971848.56
2022-04-19,1886054474216.955
2022-04-20,1925877976585.35
2022-04-21,1897921416471.72
2022-04-22,1869964856358.09
2022-04-23,1853426354472.955
2022-04-24,1836887852587.82
2022-04-25,1851814588642.145
2022-04-26,1866741324696.47
2022-04-27,1833582128625.94
2022-04-28,1800422932555.41
2022-04-29,1777877775275.68
2022-04-30,1755332617995.95
2022-05-01,1746011055851.045
2022-05-02,1736689493706.14
2022-05-03,1721972262427.14
2022-05-04,1707255031148.14
2022-05-05,1692164555841.145
2022-05-06,1677074080534.15
2022-05-07,1648837806888.325
2022-05-08,1620601533242.5
2022-05-09,1500616671861.75
2022-05-10,1380631810481.0
2022-05-11,1320158892791.025
2022-05-12,1259685975101.05
2022-05-13,1259790492542.045
2022-05-14,1259895009983.04
2022-05-15,1300311182362.405
2022-05-16,1340727354741.77
2022-05-17,1325675423669.24
2022-05-18,1310623492596.71
2022-05-19,1297534973383.8398
2022-05-20,1284446454170.97
2022-05-21,1271957749478.7
2022-05-22,1259469044786.43
2022-05-23,1255536503010.375
2022-05-24,1251603961234.32
2022-05-25,1255566041363.615
2022-05-26,1259528121492.91
2022-05-27,1222243677959.1
2022-05-28,1184959234425.29
2022-05-29,1204632431948.78
2022-05-30,1224305629472.27
2022-05-31,1266700918588.5352
2022-06-01,1309096207704.8
2022-06-02,1283205743112.3052
2022-06-03,1257315278519.81
2022-06-04,1245190334203.6602
2022-06-05,1233065389887.51
2022-06-06,1254894383542.0
2022-06-07,1276723377196.49
2022-06-08,1257776628203.49
2022-06-09,1238829879210.49
2022-06-10,1213023219010.9102
2022-06-11,1187216558811.33
2022-06-12,1134274961269.115
2022-06-13,1081333363726.9
2022-06-14,1012406592396.22
2022-06-15,943479821065.54
2022-06-16,912226138886.29
2022-06-17,880972456707.04
2022-06-18,860311709853.24
2022-06-19,839650962999.44
2022-06-20,873010188692.475
2022-06-21,906369414385.51
2022-06-22,894732229698.49
2022-06-23,883095045011.47
2022-06-24,919166609000.075
2022-06-25,955238172988.68
2022-06-26,948476935701.79
2022-06-27,941715698414.9
2022-06-28,925177871270.8048
2022-06-29,908640044126.71
2022-06-30,896333049528.1599
2022-07-01,884026054929.61
2022-07-02,877360307331.23
2022-07-03,870694559732.85
2022-07-04,891014811332.645
2022-07-05,911335062932.44
2022-07-06,917326588970.81
2022-07-07,923318115009.18
2022-07-08,939693171926.9852
2022-07-09,956068228844.79
2022-07-10,941993916872.9852
2022-07-11,927919604901.18
