"DateTime";"BTC";"ETH";"USDT";"BNB";"XRP";"Otros"
"2013-05-05 02:00:00";1254762149,4585037;0;0;0;0;80617818,54149635
"2013-05-12 02:00:00";1288631442,1985626;0;0;0;0;74918509,80143735
"2013-05-19 02:00:00";1376371582,9864502;0;0;0;0;72448385,0135498
"2013-05-26 02:00:00";1478025338,3468628;0;0;0;0;70654597,65313727
"2013-06-02 02:00:00";1451925896,7685697;0;0;0;0;59084151,23143019
"2013-06-09 02:00:00";1215132962,064743;0;0;0;0;56547037,935257
"2013-06-16 02:00:00";1127123769,4660187;0;0;0;0;53126214,53398135
"2013-06-23 02:00:00";1224978150,4497528;0;0;0;0;63751833,55024716
"2013-06-30 02:00:00";1078255281,0598373;0;0;0;0;61514702,94016273
"2013-07-07 02:00:00";782351595,1761245;0;0;0;0;62558420,8238755
"2013-07-14 02:00:00";1126255795,1766968;0;0;0;0;63964236,82330319
"2013-07-21 02:00:00";1027641924,5498657;0;0;0;0;62368059,45013422
"2013-07-28 02:00:00";1082751497,501564;0;0;0;0;67108470,49843605
"2013-08-04 02:00:00";1207095508,649826;0;0;0;0;73944491,35017392
"2013-08-11 02:00:00";1188153836,9913101;0;0;0;33724984,2306118;66351194,77807807
"2013-08-18 02:00:00";1304320187,5;0;0;0;44458204,07804203;73621608,42195797
"2013-08-25 02:00:00";1387634726,846695;0;0;0;43198099,90748691;71197125,24581815
"2013-09-01 02:00:00";1572228888,3991241;0;0;0;43960298,08934784;69960829,51152799
"2013-09-08 02:00:00";1448178129,2066574;0;0;0;48251829,85660744;72360056,93673514
"2013-09-15 02:00:00";1514144913,5810852;0;0;0;49633238,74862194;69381783,6702928
"2013-09-22 02:00:00";1500263577,9748917;0;0;0;76097461,36342049;68399024,66168787
"2013-09-29 02:00:00";1587290660,6834412;0;0;0;108254246,87117958;78875060,4453792
"2013-10-06 02:00:00";1514538901,2016296;0;0;0;74066410,9168396;72044671,88153079
"2013-10-13 02:00:00";1599426159,3841553;0;0;0;73347836,71016693;61405971,9056778
"2013-10-20 02:00:00";2037436874,9656677;0;0;0;56444811,39451504;74828201,63981718
"2013-10-27 02:00:00";2102727707,672882;0;0;0;47218367,94586372;73743908,38125426
"2013-11-03 01:00:00";2459515515,8382416;0;0;0;53214955,32483959;88089496,83691886
"2013-11-10 01:00:00";4174930742,16156;0;0;0;69261453,75787926;150528060,08056068
"2013-11-17 01:00:00";5291729353,456879;0;0;0;79403665,76053047;121927076,78259116
"2013-11-24 01:00:00";9570991362,237549;0;0;0;76403961,38170052;374204932,38075066
"2013-12-01 01:00:00";13614267715,960693;0;0;0;306151375,9654312;1467281132,0738754
"2013-12-08 01:00:00";8431855057,728578;0;0;0;0;994564654,2714227
"2013-12-15 01:00:00";10611621813,113403;0;0;0;250476830,07556915;1106801452,8110268
"2013-12-22 01:00:00";7315945127,667236;0;0;0;168637655,58226776;635657344,7504959
"2013-12-29 01:00:00";8872599591,235352;0;0;0;213517788,65140915;1013582332,1132387
"2014-01-05 01:00:00";10465659959,947205;0;0;0;219664841,06572723;1196774910,9870675
"2014-01-12 01:00:00";11264846810,934448;0;0;0;188894630,3033409;1149159038,7622108
"2014-01-19 01:00:00";10311486283,200073;0;0;0;166630727,0133133;1090283373,786614
"2014-01-26 01:00:00";10510401359,825134;0;0;0;149573013,69551468;1097425690,4793515
"2014-02-02 01:00:00";10279152361,30371;0;0;0;162181860,6086769;1083466290,0876122
"2014-02-09 01:00:00";8307336964,846801;0;0;0;136211182,67720032;838401548,4759985
"2014-02-16 01:00:00";8077341036,109925;0;0;0;125779843,06798553;889659152,8220896
"2014-02-23 01:00:00";7539892425,518799;0;0;0;122033860,36404991;794673778,1171513
"2014-03-02 01:00:00";7069287981,335449;0;0;0;107770520,5856781;884051258,0788727
"2014-03-09 01:00:00";7697912170,256043;0;0;0;112963087,84947395;1026184325,894483
"2014-03-16 01:00:00";7968200287,5;0;0;0;112249770,50837517;993660405,9916248
"2014-03-23 01:00:00";7099236203,976441;0;0;0;101327489,165205;960836114,858354
"2014-03-30 01:00:00";6193557126,830292;0;0;0;80971332,97204399;663721780,1976639
"2014-04-06 02:00:00";5843663675,262451;0;0;0;65276924,39632988;575089352,341219
"2014-04-13 02:00:00";5326230585,36377;0;0;0;49026092,6177702;512853402,0184603
"2014-04-20 02:00:00";6356071183,252716;0;0;0;50618300,36310196;695070516,3841816
"2014-04-27 02:00:00";5805536630,79071;0;0;0;42064025,81262588;541489135,3966633
"2014-05-04 02:00:00";5580025865,306091;0;0;0;39349062,25156689;518805168,4423418
"2014-05-11 02:00:00";5789009426,834106;0;0;0;46453657,82685184;576427091,3390417
"2014-05-18 02:00:00";5735392705,266571;0;0;0;50620171,57425499;558426931,1591736
"2014-05-25 02:00:00";6729114876,782227;0;0;0;32280722,30249405;638854256,9152794
"2014-06-01 02:00:00";8007458710,009766;0;0;0;32404193,11468506;642066824,8755493
"2014-06-08 02:00:00";8428526959,350586;0;0;0;31038740,48431205;655184252,165102
"2014-06-15 02:00:00";7427193645,999145;0;0;0;31357035,68573571;611629158,3151194
"2014-06-22 02:00:00";7703559805,123901;0;0;0;32464519,65168285;609645819,2244158
"2014-06-29 02:00:00";7728192402,621459;0;0;0;30774481,05554295;575252892,3229978
"2014-07-06 02:00:00";8203530646,496582;0;0;0;24500326,44163084;511609347,0617871
"2014-07-13 02:00:00";8252247431,781007;0;0;0;33756925,09675455;541355899,122239
"2014-07-20 02:00:00";8196201372,714233;0;0;0;41137894,6801796;547250556,605587
"2014-07-27 02:00:00";7782822949,409484;0;0;0;49836231,49369598;499970835,0968198
"2014-08-03 02:00:00";7710426679,402162;0;0;0;43434665,40771076;510868767,19012797
"2014-08-10 02:00:00";7730001925,061035;0;0;0;43256019,74117495;464422183,1977899
"2014-08-17 02:00:00";6826523803,161621;0;0;0;44654699,21563815;353971449,62274075
"2014-08-24 02:00:00";6567295886,834717;0;0;0;41405171,16434761;383188862,0009359
"2014-08-31 02:00:00";6642636070,6466675;0;0;0;143729024,28347975;413645145,06985277
"2014-09-07 02:00:00";6421462127,856445;0;0;0;139020661,3939168;428757018,7496379
"2014-09-14 02:00:00";6355135250,736237;0;0;0;136426525,40772653;473998031,8560366
"2014-09-21 02:00:00";5425181057,693481;0;0;0;138228516,4503479;429210457,85617065
"2014-09-28 02:00:00";5321416704,521179;0;0;0;136416387,5291522;444147067,9496686
"2014-10-05 02:00:00";4389880123,188782;0;0;0;143049327,44713345;385280597,3640848
"2014-10-12 02:00:00";4849070088,398743;0;0;0;137827901,5070052;394751930,0942521
"2014-10-19 02:00:00";5242374417,86499;0;0;0;143908549,77903235;406776872,3559774
"2014-10-26 02:00:00";4665035342,662811;0;0;0;136822861,1133754;355521892,22381365
"2014-11-02 01:00:00";4386504161,978912;0;0;0;135486402,53482103;317959259,4862669
"2014-11-09 01:00:00";4655480675,436401;0;0;0;142175148,03206497;348314352,53153366
"2014-11-16 01:00:00";5060641297,8515625;0;0;0;146081592,5771432;358666933,5712943
"2014-11-23 01:00:00";4778445706,707764;0;0;0;222324217,10194582;346160252,1902906
"2014-11-30 01:00:00";5090058612,542725;0;0;0;431633650,77398664;374057880,6832888
"2014-12-07 01:00:00";5090242007,318115;0;0;0;444876282,9396159;382451757,7422689
"2014-12-14 01:00:00";4717276441,31012;0;0;0;524700843,1686262;360412731,5212539
"2014-12-21 01:00:00";4491321812,354279;0;0;0;748110514,6030443;482077561,04267746
"2014-12-28 01:00:00";4317327930,801392;0;0;0;745888547,1703023;460053666,02830577
"2015-01-04 01:00:00";3847139734,9975586;0;0;0;684618799,632147;337721401,37029445
"2015-01-11 01:00:00";3764964780,313111;0;0;0;596152648,2400864;314302731,44680285
"2015-01-18 01:00:00";2747723029,4311523;0;0;0;476630202,6459053;264916783,92294216
"2015-01-25 01:00:00";3403308907,939911;0;0;0;517429741,8760717;294671270,1840176
"2015-02-01 01:00:00";2989456971,0113525;0;0;0;442563552,29638964;261549524,69225782
"2015-02-08 01:00:00";3144923027,5115967;0;0;0;465102411,1228024;252184609,36560085
"2015-02-15 01:00:00";3563295380,392456;0;0;0;476762828,1726528;273571999,43489116
"2015-02-22 01:00:00";3390509039,991379;0;0;0;424044358,50097996;256246473,5076411
"2015-03-01 01:00:00";3532057898,0522156;0;0;0;414566725,87731236;272145296,0704719
"2015-03-08 01:00:00";3846742946,7407227;0;251600;0;335929637,6183329;273125991,6409445
"2015-03-15 01:00:00";3923339798,5839844;0;251600;0;354022184,1558097;268356593,26020586
"2015-03-22 01:00:00";3629914535,0738525;0;251600;0;324878362,7997069;260305518,12644055
"2015-03-29 01:00:00";3536559217,424011;0;251600;0;282420364,75048906;258158897,82549956
"2015-04-05 02:00:00";3557453026,582718;0;251600;0;282293205,0467419;248612216,37054023
"2015-04-12 02:00:00";3321740501,712799;0;251600;0;264809503,5689453;221928506,7182557
"2015-04-19 02:00:00";3143459666,9929504;0;251600;0;252032405,00759527;215596359,99945447
"2015-04-26 02:00:00";3190796972,6119995;0;251600;0;264537324,15164682;213694103,23635367
"2015-05-03 02:00:00";3315974388,4773254;0;251600;0;256413545,648875;210200529,8737994
"2015-05-10 02:00:00";3418729921,4042664;0;251600;0;241604150,33130607;211794232,2644275
"2015-05-17 02:00:00";3343946251,615906;0;251600;0;210155719,074491;221456477,30960318
"2015-05-24 02:00:00";3391917865,0737762;0;451600;0;216924365,61872712;261326073,30749658
"2015-05-31 02:00:00";3314789801,017761;0;451600;0;268126532,34488776;272582146,63735116
"2015-06-07 02:00:00";3213393226,0173798;0;451600;0;252252936,01051828;271822237,97210175
"2015-06-14 02:00:00";3317074984,510803;0;451600;0;258243557,73498243;276549857,7542143
"2015-06-21 02:00:00";3503877684,199524;0;451600;0;351959665,0535495;355881034,7469266
"2015-06-28 02:00:00";3593902796,839905;0;451600;0;365170574,63506806;354264980,5250272
"2015-07-05 02:00:00";3741659654,0405273;0;451600;0;343661922,32882494;405656711,63064766
"2015-07-12 02:00:00";4213278129,1603084;0;451600;0;274769861,6489505;435050617,190741
"2015-07-19 02:00:00";3956139971,617126;0;451600;0;257224645,66151226;399954022,72136164
"2015-07-26 02:00:00";4163471698,498535;0;451600;0;251678681,71857855;438968003,78288627
"2015-08-02 02:00:00";4052470132,836914;0;451600;0;262444463,8347276;406403787,32835835
"2015-08-09 02:00:00";3779770679,8141484;42637543,6817404;451600;0;270702326,13822556;373037786,3658858
"2015-08-16 02:00:00";3797323161,026001;102028033,22011477;451600;0;268644145,7405101;376782884,01337415
"2015-08-23 02:00:00";3346765517,6296234;99894340,60007787;451600;0;246392876,60398197;330715569,16631675
"2015-08-30 02:00:00";3345732049,6650696;86145906,39307237;451600;0;251802868,77344608;303807671,168412
"2015-09-06 02:00:00";3424428150,864029;97625195,45412987;451600;0;255405589,4349272;311009528,2469138
"2015-09-13 02:00:00";3435997782,156372;76193716,65703154;451600;0;266303418,15193897;302093355,03465736
"2015-09-20 02:00:00";3385770805,6243896;64600034,35187295;451600;0;243083546,8035013;307514045,22023606
"2015-09-27 02:00:00";3431856750,097275;58149531,51865986;451600;0;211181675,54168147;309590394,842384
"2015-10-04 02:00:00";3502459356,167984;50555947,03601918;451600;0;179170122,51655442;312342942,27944225
"2015-10-11 02:00:00";3599835148,979187;46327504,64286852;451600;0;163660273,98784924;314345504,3900954
"2015-10-18 02:00:00";3991622474,9679565;40550433,25457025;451600;0;172364299,6158197;303961208,1616535
"2015-10-25 02:00:00";4154105118,405151;41781370,99714726;451600;0;154561185,15304527;299940789,4446565
"2015-11-01 01:00:00";4657899149,651337;68477207,23448113;451600;0;155334413,96847436;350637373,1457074
"2015-11-08 01:00:00";5692387997,949219;68254322,67448446;451600;0;155296849,50874034;343589005,86755645
"2015-11-15 01:00:00";4942412592,610168;66590205,75528019;451600;0;143472088,70548326;301603560,9290681
"2015-11-22 01:00:00";4861341321,395874;73378875,25261;451600;0;140870151,5857898;296427811,7657262
"2015-11-29 01:00:00";5324603226,489258;68625059,25139889;451600;0;142310646,9398843;318499579,31945896
"2015-12-06 01:00:00";5813290200,201416;65194898,36026383;951600;0;177809223,74399742;329494301,6943227
"2015-12-13 01:00:00";6454429948,207092;73276328,71524382;951600;0;286139212,3117733;342503134,76589054
"2015-12-20 01:00:00";6925021736,923218;68663123,23402718;951600;0;211015055,93925202;350768579,90350306
"2015-12-27 01:00:00";6251439746,040344;64650004,39149579;951600;0;206977773,34236988;328061004,2257897
"2016-01-03 01:00:00";6519493346,664429;71275843,4700698;951600;0;203442142,82862756;344807115,0368736
"2016-01-10 01:00:00";6752207450,646973;75031161,85669157;1451600;0;200624789,01807454;354985030,47826123
"2016-01-17 01:00:00";5842269904,621124;93207495,47421634;1452172,7763176;0;171384635,07373366;338945952,05460775
"2016-01-24 01:00:00";5867294005,157471;145357921,2329514;1451776,67813301;0;171732287,05750725;356244009,8739376
"2016-01-31 01:00:00";5729876279,747009;187288793,43793204;1451600;0;224910481,84701043;384232716,96804786
"2016-02-07 01:00:00";5714757845,423126;194883946,31532037;1451600;0;268772077,62103283;398184578,64052016
"2016-02-14 01:00:00";5975579008,348846;416193451,4741296;1451600;0;281700346,909446;431265417,2675783
"2016-02-21 01:00:00";6669256895,226288;336572452,30866957;1451600;0;281116789,8105354;459482198,6545068
"2016-02-28 01:00:00";6600315176,773071;495545000,9475417;1451600;0;271941418,0407651;466277044,23862183
"2016-03-06 01:00:00";6121408382,106018;868737165,6436253;1451599,8269558;0;267837309,85846466;464135718,56493664
"2016-03-13 01:00:00";6302326831,970215;1049934286,903935;1451449,19197559;0;296529110,6349412;546138481,2989337
"2016-03-20 01:00:00";6293608466,287231;822294753,29984;1451593,57738781;0;276025819,305792;520229607,52974886
"2016-03-27 01:00:00";6423042999,311829;862207437,5559167;1451591;0;277641225,9076341;564566570,2246207
"2016-04-03 02:00:00";6480475540,113831;915178309,290757;1451591;0;258427945,94928575;556146869,6461267
"2016-04-10 02:00:00";6467328064,052582;722132721,7226561;1451591;0;216577852,4221228;539319626,8026396
"2016-04-17 02:00:00";6649170351,501465;682467508,2923956;1451591;0;226597823,8557185;525662613,3504211
"2016-04-24 02:00:00";6968576354,238129;658203215,0459644;1451591;0;256083263,51368937;544035528,202218
"2016-05-01 02:00:00";6940220694,683228;699881220,7513828;1951591;0;237517462,22358483;540909031,3418049
"2016-05-08 02:00:00";7114057186,376953;748029355,1996636;1951591;0;226293331,50414234;564709047,9192408
"2016-05-15 02:00:00";7084755186,846924;819397650,2803826;1958462,95002532;0;211724964,5185006;568763927,4041675
"2016-05-22 02:00:00";6900706986,16333;1126810311,2222595;1951591;0;208835640,1178221;580515567,4965882
"2016-05-29 02:00:00";8226502854,4281;974781807,2385765;1951591;0;198118509,54118156;641145333,7921422
"2016-06-05 02:00:00";8955049694,410706;1110685556,8944552;2951591;0;201493531,1483176;828819434,5465207
"2016-06-12 02:00:00";9539851633,447266;1148076033,926306;2951591;0;201058054,9648124;866362846,6616153
"2016-06-19 02:00:00";11859832811,251831;906288322,0174795;5951586,03360546;0;231179654,92532843;869448041,7717564
"2016-06-26 02:00:00";10454854635,791016;1160585678,5058317;5951641,37343037;0;225020732,83471262;874887791,4950097
"2016-07-03 02:00:00";11086081265,444946;989130563,24469;5951591;0;237324060,80752918;948412487,5028354
"2016-07-10 02:00:00";10247292403,9292;896902499,3366247;5951586,38834792;0;235817957,0638563;935135329,2819726
"2016-07-17 02:00:00";10434741391,769531;953757991,0195353;6951613,37474406;0;232854393,5054589;1238794258,3307304
"2016-07-24 02:00:00";10338572708,245605;1176252970,999868;6951591;0;224964919,6940374;1234457682,0604885
"2016-07-31 02:00:00";10340889221,834473;1026305197,7817394;6951648,17990148;0;217501884,53302756;1191151919,670859
"2016-08-07 02:00:00";9285937038,234375;898343259,0244242;6948510,74356806;0;225316979,05858725;1230354436,9390454
"2016-08-14 02:00:00";9258735937,789307;960854022,264029;6951586,85652888;0;216630196,05658826;1168428129,0335464
"2016-08-21 02:00:00";9208215376,018066;936015579,3310342;6951591;0;217500507,2472384;1170317266,403661
"2016-08-28 02:00:00";9023610648,69873;929687679,977573;6951591;0;212446761,21921122;1081403287,1044853
"2016-09-04 02:00:00";9486373844,831543;982950196,8604736;6951591;0;210643591,7315406;1178781127,5764427
"2016-09-11 02:00:00";9887773726,851562;1023632916,1854256;6951590,95;0;207186205,43020573;1230455304,582806
"2016-09-18 02:00:00";9623944105,50293;1066616876,8476087;6951584,73479336;0;248818962,42174554;1169168502,4929228
"2016-09-25 02:00:00";9575355371,191406;1083511238,378864;6951585,97783469;0;260831656,2472701;1163950596,204625
"2016-10-02 02:00:00";9761333067,216797;1114202868,5178769;6951590,95;0;290782895,7550912;1074629737,560235
"2016-10-09 02:00:00";9852485145,301025;1035586352,1538004;6951590,95;0;259324305,6961598;1141053053,8990135
"2016-10-16 02:00:00";10176766350,921387;1018540090,9867743;6951590,85;0;288674653,1823794;1088466994,0594604
"2016-10-23 02:00:00";10479669329,550293;1033971025,5134252;6951589,31565296;0;318562311,53720176;1106245552,083428
"2016-10-30 02:00:00";11388836334,27246;891168049,5067457;6951589,73;0;274931779,6613579;1014012406,8294353
"2016-11-06 01:00:00";11233033306,5;941732522,9437547;6951588,73;0;293393825,4033131;1073189044,4229323
"2016-11-13 01:00:00";11264543084,390625;849341460,2547004;6951589,8;0;287512313,8613943;1067051231,693281
"2016-11-20 01:00:00";12027477304,940796;832050375,9741255;6951589,8;0;279729442,43048793;1027991094,8545915
"2016-11-27 01:00:00";11773780502,435303;804084701,7126092;6951589,8;0;264949975,42084455;1020733070,6312436
"2016-12-04 01:00:00";12363543726,333618;684257741,6840858;6951736,3988507;0;237240836,08153686;1036305479,5019085
"2016-12-11 01:00:00";12423597454,083069;705363349,7403085;6951595,5208585;0;245332428,109538;1020755044,5462253
"2016-12-18 01:00:00";12694811835,481445;684028136,9125097;6951771,20400172;0;234125211,1380842;1060182885,2639599
"2016-12-25 01:00:00";14450083950,583008;633791855,0328326;6951626,18253916;0;228637940,59620675;1181234787,6054137
"2017-01-01 01:00:00";15491191078,515625;698148582,0688164;9951670,38989195;0;237032144,42754564;1299176300,598121
"2017-01-08 01:00:00";14611436883,27356;865667437,132406;14951726,29000756;0;231946283,75348836;1274397669,5505385
"2017-01-15 01:00:00";13174247860,40039;864036600,1727229;14952066,32778589;0;252519062,69122094;1227844154,4078796
"2017-01-22 01:00:00";14863609421,691895;961461115,2097723;14951704,90158531;0;247164637,23965785;1362512448,95709
"2017-01-29 01:00:00";14873957220,629883;933090757,8819255;14951770,84922057;0;234253698,99459052;1412045815,6443806
"2017-02-05 01:00:00";16847343179,296875;1013392172,7695622;24951571,4960008;0;239336555,45285308;1543477000,984709
"2017-02-12 01:00:00";16214597429,196167;1008032746,7246307;24950975,17926645;0;234436447,42384395;1489382593,4760919
"2017-02-19 01:00:00";17056569066,050903;1140873274,1515598;24951216,1048975;0;207032953,08406776;1527573682,6085718
"2017-02-26 01:00:00";18518937117,1875;1206149617,4440057;24952084,62692547;0;210392150,90557027;1497169541,8359985
"2017-03-05 01:00:00";20315993973,510742;1655022306,3557363;24951229,41683534;0;235300606,0199727;1713931500,6967134
"2017-03-12 01:00:00";19073207581,58264;1924658489,803605;34951919,11158015;0;231720944,5755347;1970461384,9266384
"2017-03-19 01:00:00";15846004246,58966;3193599257,3457375;44952207,55865801;0;251510500,88466638;2460533595,621278
"2017-03-26 01:00:00";15814856914,366333;4574532781,124837;44947036,5478812;0;342448473,7705753;2671614666,1903744
"2017-04-02 02:00:00";17559345252,629883;4582702035,411706;54927878,02020939;0;820231217,2120577;3135694224,726144
"2017-04-09 02:00:00";19134336512,3291;4009004642,0493345;54935165,6226505;0;1343049186,7138305;3367374653,285083
"2017-04-16 02:00:00";19085099185,74463;4450139912,377387;50740673,16130089;0;1271607794,7871358;3808512145,9295473
"2017-04-23 02:00:00";20066218960,474487;4420033151,895394;51488828,56356526;0;1207681756,195615;4196777622,8709383
"2017-04-30 02:00:00";21548458537,61902;6248835922,669989;59055708,80743052;0;2000594213,201894;5459857153,701668
"2017-05-07 02:00:00";25768507379,681396;8942951789,735611;60446157,40897137;0;3868781644,712043;7675512964,461979
"2017-05-14 02:00:00";29405073820,05249;8322378946,918215;60697425,2712863;0;8242636615,665131;8654614280,092878
"2017-05-21 02:00:00";33779318021,23535;11705707879,041588;61940825,28653637;0;13608317449,222445;11860516657,214079
"2017-05-28 02:00:00";33595986106,78125;14608584507,765928;107331369,83360338;0;8142779009,505463;12167118430,113754
"2017-06-04 02:00:00";41708285206,15137;20659812407,622643;107470687,91369055;0;11524160396,206772;16836575174,10553
"2017-06-11 02:00:00";48208688680,85327;31296814564,868416;130665290,59722601;0;9943593006,018402;20614238329,66268
"2017-06-18 02:00:00";43539274675,92505;35133780828,741135;126049772,96925528;0;10265061203,027996;23479831471,336567
"2017-06-25 02:00:00";42783762418,407715;30005926010,10971;147510147,91921377;0;11901590438,558159;24382214249,005203
"2017-07-02 02:00:00";40010469450,41504;25572795595,652786;219180430,46368217;0;9745598748,962114;20174558270,50638
"2017-07-09 02:00:00";42283166364,62402;23454654721,822594;219893503,28026947;0;9070621590,181246;21483663820,09187
"2017-07-16 02:00:00";32767572892,295044;15823085102,549568;295162363,33218396;0;6489639654,005948;14766238035,817257
"2017-07-23 02:00:00";46231142026,9043;21418291139,680656;317831289,2023646;0;7411976746,391608;22215962381,821075
"2017-07-30 02:00:00";44890666009,765625;19360924119,191154;318471136,1117538;10793543,60699654;6497245552,920941;19319898742,40353
"2017-08-06 02:00:00";53720893168,078125;24053474689,71757;320093043,8381069;12929250,29993057;7108860074,1524105;27393750669,913853
"2017-08-13 02:00:00";64034105430,64307;29161053351,9637;319661283,82000333;44598975,77762604;6655928255,774864;34049656734,020744
"2017-08-20 02:00:00";69192659044,06738;27918126333,29114;318596320,415119;0;5926767010,761758;42735850523,4646
"2017-08-27 02:00:00";71809248347,18848;31517529778,568184;319542631,14583033;217996716,4993286;8152544437,887831;44745135400,71035
"2017-09-03 02:00:00";75841707835,36377;33059801352,57063;348835807,88150537;0;8712838527,85284;46905600604,33126
"2017-09-10 02:00:00";70018089815,18408;27797226686,924053;405081602,55834347;98207825,42228699;8037081296,4554205;41149776069,45582
"2017-09-17 02:00:00";59757816343,82349;23272527159,31867;445726238,9848585;0;6839643008,90106;33211504400,971928
"2017-09-24 02:00:00";62954280981,84375;27129873954,83502;443271716,7484967;77580380,4397583;6831896976,06093;34324067766,07205
"2017-10-01 02:00:00";72047302431,67725;28615152628,041237;435866669,4502126;128417861,4616394;7577590765,081543;39091055756,288124
"2017-10-08 02:00:00";73575423619,72656;29550901434,901974;436235346,77403927;157617509,3650818;9198178558,660107;37043002890,572235
"2017-10-15 02:00:00";97011856641,94922;32292086679,087547;437236582,902949;149512708,18710327;9923312150,143991;36909881317,729195
"2017-10-22 02:00:00";100437913823,19092;28624836350,10986;437025998,59791183;124292467,51117706;8128521613,667282;35371141202,92285
"2017-10-29 02:00:00";95819797362,625;28270164668,727932;438159660,84177554;116675469,37251091;7758644157,462818;36608741720,96996
"2017-11-05 01:00:00";123388099786,76758;28661500792,56388;494443671,5379148;162104811,7313385;7832454174,445089;38973100314,9542
"2017-11-12 01:00:00";104979754887,37451;30106190878,701576;597637605,4915965;165243179,31485176;8099862184,03826;56602514081,0792
"2017-11-19 01:00:00";129594711885,87646;33284903532,34492;645544981,8454372;165686207,7023983;8811412738,899025;61124520301,33175
"2017-11-26 01:00:00";146789224290,6709;44712118250,5426;677815034,5794221;187605725,90398788;9768273147,815989;79161892318,4871
"2017-12-03 01:00:00";185258241069,73438;44560454568,45828;814847511,4861153;206484986,28807065;9869306670,014353;88357767402,0188
"2017-12-10 01:00:00";253781735593,31055;45501434898,9938;831977608,4432819;263509682,5184822;9512332043,763985;107035377916,96991
"2017-12-17 01:00:00";326141276696,77734;67106371107,75246;1132154310,1818848;462329807,92713165;29214173734,03012;155464189959,33105
"2017-12-24 01:00:00";244823689711,0371;69671214843,83948;1279864354,3460817;469508440,0167465;45541052600,09118;204498269922,6694
"2017-12-31 01:00:00";216325594543,11523;68850777144,52411;1401350863,095474;768675994,2350388;81162564224,69177;191246268462,33838
"2018-01-07 01:00:00";294222374388,42773;100981177275,99739;1478767718,3802078;2254460630,405426;119818667010,04832;296403799824,7409
"2018-01-14 01:00:00";241446796530,46875;135503313336,85315;1474488550,1805792;2203405214,6759033;78195757544,08798;285440934631,73364
"2018-01-21 01:00:00";216740288318,27832;112225744106,81387;1622821100,2107635;1608866076,0116577;61061907191,875404;237375999702,80997
"2018-01-28 01:00:00";193133122544,20312;108121955540,07835;1612504589,9468532;1317057887,369156;47412498238,084;210379500688,3185
"2018-02-04 01:00:00";154553293824,21094;93953421901,99908;2226848162,7964187;964954684,8316193;35631726691,725044;159874999662,43692
"2018-02-11 01:00:00";145244590726,04102;83813030803,41745;2228046516,140442;911014993,0648804;41635548340,131836;148414807597,20438
"2018-02-18 01:00:00";187662857038,64746;95077121296,41678;2227521080,223389;1157727816,2288666;46997522377,25149;180665301847,23203
"2018-02-25 01:00:00";165406721994,92188;82119104314,46446;2227758425,018919;906298736,6905212;37217334432,9812;143343337871,923
"2018-03-04 01:00:00";194289262407,26855;83877819099,82428;2217572950,2022843;1010655233,6502075;35417632702,49535;146504295366,55933
"2018-03-11 01:00:00";149716277655,0293;67235677481,78839;2224830203,4268517;757333032,2217941;31108007921,810646;110721181225,72302
"2018-03-18 01:00:00";133547310223,09424;54200091108,53039;2228614504,9662704;886909640,7394409;24802369376,021667;92041200122,648
"2018-03-25 01:00:00";145881979776,7578;51431555387,34921;2287423004,646584;1300568742,3553467;24966815227,790203;104018123909,10085
"2018-04-01 02:00:00";118705194446,6919;39144659014,4035;2277309792,7018266;1104193688,8942719;20088876847,726578;82550836417,58192
"2018-04-08 02:00:00";117392196990,56494;38065416617,55047;2290638074,9506235;1454721303,488529;19086993911,641075;81683431629,80437
"2018-04-15 02:00:00";135811551540,34424;49696276124,796585;2278695801,003267;1546025894,9746277;24838378256,09118;104867921406,7901
"2018-04-22 02:00:00";151650992414,84375;59985528066,946556;2297004415,8257356;1522941113,627042;33912429591,684307;136490753933,0726
"2018-04-29 02:00:00";158927938837,82812;67782362148,97;2414399395,909375;1729339691,600613;33837930360,406197;164129902205,2857
"2018-05-06 02:00:00";167541393237,18555;81000235559,96428;2257858452,8696094;1637897060,614393;35426365336,80718;179381847024,559
"2018-05-13 02:00:00";145021599488,08594;68304030965,73708;2208214046,09665;1483453712,230588;27357941051,569866;145676551584,27988
"2018-05-20 02:00:00";140555895373,82812;69472771049,13219;2510830717,7906156;1636510284,1764498;26541729428,49299;135462081642,57965
"2018-05-27 02:00:00";125574874140,78369;58667599538,043816;2511545924,4097295;1458098684,0343254;23985822833,64115;116648730751,0873
"2018-06-03 02:00:00";130287654873,13232;59026063940,21538;2487158364,9837074;1674348366,7209392;25248463714,740974;124826770644,20668
"2018-06-10 02:00:00";128128073573,2461;59420125573,90853;2530640243,4690123;1816513996,3313618;25882169294,34911;117765322758,69589
"2018-06-17 02:00:00";111912883448,4375;50005817441,880295;2619828876,5121675;1799459288,970122;21017261443,81167;92711960764,38824
"2018-06-24 02:00:00";105480098609,375;47601899172,95326;2604208302,3035665;1775725411,2392328;19299774564,305424;80608291251,82352
"2018-07-01 02:00:00";109797137754,1748;45709527738,627365;2699893267,5384617;1673692771,9936297;18293938369,181393;79567543986,48434
"2018-07-08 02:00:00";117521511766,54688;49477697956,46474;2619159112,5364504;1641955048,4155486;19329647043,447674;87758099984,58873
"2018-07-15 02:00:00";107572806366,88477;43890752259,10555;2713583376,0966063;1378565298,8725615;17239942789,69857;76729360341,34193
"2018-07-22 02:00:00";127307892716,55176;46630921233,77792;2660382024,608585;1164183028,1292975;17888715000,938564;85934536651,99388
"2018-07-29 02:00:00";140951375507,8125;47149571428,20905;2498122108,8888597;1394301335,7756472;17951776995,263542;87843194896,0504
"2018-08-05 02:00:00";120869247490,27734;41192725335,544624;2432197417,3927894;1323679384,7868052;16843146732,699476;71132170779,41896
"2018-08-12 02:00:00";108106451581,64062;32489149687,568134;2421279978,8619423;1116316003,7606323;11813701285,11622;56591215934,15244
"2018-08-19 02:00:00";110582598383,59375;29984192043,43512;2736760882,058856;947620321,7714639;12889055632,74853;55472469053,99229
"2018-08-26 02:00:00";116387236697,7539;28386921152,66856;2801107289,45091;966035368,2460184;12970457793,495943;55956745212,194664
"2018-09-02 02:00:00";123981305469,85938;30046692957,1854;2733544309,5170245;1092034444,938952;13771423147,869816;65174441452,54944
"2018-09-09 02:00:00";107397286192,44727;20203492381,20341;2762867706,7736955;912022738,3879004;11048955365,406963;50916829006,73077
"2018-09-16 02:00:00";112887643665,2622;22721984527,082306;2768526045,1162877;966242410,9067593;11215132456,301363;52869887877,15108
"2018-09-23 02:00:00";116058736871,61963;24611501925,306934;2795653692,4364905;1155118101,5729046;22898988895,842804;56888914880,02124
"2018-09-30 02:00:00";114234369232,32422;23657737548,50237;2810691616,9413967;1174837339,6018696;22648482209,298855;57656504810,71129
"2018-10-07 02:00:00";114074648409,7168;23087109195,290813;2800634328,507343;1221312395,274273;19579049941,8895;57110099655,38127
"2018-10-14 02:00:00";108921493433,35352;20479177355,220295;2673590360,563579;1121155808,7927647;16741923545,818647;51977997968,72119
"2018-10-21 02:00:00";112492164597,14844;21092979491,579937;2043920961,914918;1276303839,5632315;18353416237,634605;54414481855,12887
"2018-10-28 02:00:00";112442610027,771;21031676023,466167;1917218502,5846932;1265404062,9664946;18380731242,436707;54113015704,35494
"2018-11-04 01:00:00";110494346280,88037;20612531019,157764;1774680066,3746846;1246768788,0166626;18302551132,882034;54565349121,298485
"2018-11-11 01:00:00";111402667266,66748;21911583370,286255;1771453282,3603988;1251278885,5519295;20379961992,76468;56755236060,17926
"2018-11-18 01:00:00";96636067730,50781;17986209056,47304;1730455043,8918073;1012190701,7051744;19870839753,057728;46184109446,43443
"2018-11-25 01:00:00";67495909376,89209;11697896649,011847;1767539107,9627035;665116455,2337813;15103028402,427315;29415107816,792267
"2018-12-02 01:00:00";73103624621,94965;12246074288,014063;1856127402,9296615;689724736,8499112;15008320496,142418;33059609987,684296
"2018-12-09 01:00:00";60481004015,52807;9542449873,006485;1888186415,4485211;616644937,77171;12542108005,13775;25402919035,61747
"2018-12-16 01:00:00";56392207666,91911;8769607065,256662;1865740610,22934;597777253,629803;11701461310,612848;22763890996,022232
"2018-12-23 01:00:00";70116295669,58743;12190954872,851755;1884938319,8816204;775824602,1667604;14810081773,324713;32313226072,027725
"2018-12-30 01:00:00";66706731183,86826;14325112811,647661;1914864922,5271719;764203723,2682331;14899958493,38122;30581591565,267452
"2019-01-06 01:00:00";67006053968,08664;16237236866,33314;1900206476,1133099;793710266,3248917;14471697551,768879;31020036942,69314
"2019-01-13 01:00:00";63951617854,33785;13137238653,244032;1968418157,2900758;781515697,2172756;13488417833,27344;28746966822,157322
"2019-01-20 01:00:00";65159494467,42893;13019799097,659668;2050228574,2649496;858606694,9709917;13593382675,91449;29567695162,34097
"2019-01-27 01:00:00";63093875787,77317;12184594599,159096;2038602965,9203424;904623729,5381008;12960498818,549437;28999365777,29985
"2019-02-03 01:00:00";61588918669,53736;11567052751,348658;2022768280,8260322;889494818,1351931;12778315997,745626;26908824297,17713
"2019-02-10 01:00:00";64389753659,839874;12513573147,909008;2023520026,931776;1250272710,489188;12814046885,093435;28778973758,08672
"2019-02-17 01:00:00";63736028655,89692;12920355294,027979;2030511100,2927232;1289540696,3891644;12427179024,75469;28573410441,168526
"2019-02-24 01:00:00";72772318880,9877;16681863328,652292;2039149977,9315195;1524397301,0001452;13772340787,79056;34341456266,387775
"2019-03-03 01:00:00";67850503782,43151;14164562612,40161;2040316121,3248239;1672266808,2662637;13045214942,306995;31630863568,008797
"2019-03-10 01:00:00";69724795687,61182;14532501838,440306;2011641529,186789;2056489699,6068666;13020697746,600105;33843997962,134113
"2019-03-17 01:00:00";71210263478,31247;14972861114,346607;2023048349,9421782;2271406545,2558594;13274315483,677666;36961328628,46522
"2019-03-24 01:00:00";71044348339,36627;14573095735,63324;2036815720,8298013;2151674293,7854104;13016305594,856508;37934801642,06876
"2019-03-31 01:00:00";72360880278,26796;14993087937,77362;2029665840,2843192;2381796010,6631346;12948720884,73407;39351986241,2569
"2019-04-07 02:00:00";89207416874,64627;17527453358,610107;2085680195,2049425;2689463581,4248414;14783270018,700123;50423168349,183716
"2019-04-14 02:00:00";89840955121,92606;17367737102,0502;2434703203,782733;2639514039,6858807;13618698099,624264;46809749899,410866
"2019-04-21 02:00:00";94235418170,914;18381397204,721848;2584725071,559595;3515050283,883243;13799649065,368721;48328944450,0126
"2019-04-28 02:00:00";93090559253,4677;16758187936,717926;2831470494,296825;3150273130,4490824;12467924260,073616;42958756394,14486
"2019-05-05 02:00:00";103040300609,42519;17386994775,69271;2780697168,1267424;3233950438,1221952;12820800420,275757;45487117811,53741
"2019-05-12 02:00:00";127324932062,08395;20628252726,534412;2779144867,1317506;2964098973,3515244;13565832158,62481;49668400179,62356
"2019-05-19 02:00:00";128743264018,79132;24817038181,983612;2826226959,860017;3997394081,9250436;15683664451,009241;52507738480,400764
"2019-05-26 02:00:00";142730727441,26086;26723606380,621853;3066381058,5491834;4924654281,831279;16292654067,276508;57386221117,290306
"2019-06-02 02:00:00";152070720654,00095;28197576197,430054;3145380171,340182;4668534838,804132;18182605624,380775;64914541196,693924
"2019-06-09 02:00:00";141195643808,06274;26149304837,341553;3253191273,695257;4526576417,770357;17435321709,123608;61710029769,086464
"2019-06-16 02:00:00";157071643324,3856;28625941298,975327;3458023900,5801616;4625271040,896976;17463545114,695942;66053785047,32601
"2019-06-23 02:00:00";190066473665,96228;33035829905,875824;3520673454,4453735;5341330585,889492;20218442488,719837;72649891232,8872
"2019-06-30 02:00:00";212195971764,46143;34052073190,001663;3590222818,7579756;4974021523,773835;18209199482,554665;70168343885,65044
"2019-07-07 02:00:00";199119660789,2581;30689153147,57549;3701709405,757915;4605459369,936345;16590408897,81071;64956241563,231445
"2019-07-14 02:00:00";203023272239,37686;28783299572,459938;3905162367,9087267;4445058406,867402;14191400260,264967;57424303480,55209
"2019-07-21 02:00:00";191923341980,1269;24456088024,183907;4050251566,0510306;4797501195,290623;14275023362,033031;54197203208,27453
"2019-07-28 02:00:00";169376691458,18045;22247512892,488323;4018636102,725722;4320288835,900733;13290665986,967451;49627163638,4073
"2019-08-04 02:00:00";193265191826,8371;23868290194,42639;4044808202,2918983;4341252053,5635805;13585070312,945892;51430528593,55513
"2019-08-11 02:00:00";202576763068,0334;22152221748,027042;4041818470,552741;4613679897,244339;12818288483,444157;47644820726,34833
"2019-08-18 02:00:00";182964157772,05994;19992339542,10031;4043891336,5399294;4281199736,1182537;11396338817,857502;42915892069,714066
"2019-08-25 02:00:00";181719537529,84253;20504770365,37039;4058129081,323316;4118754226,8359537;11678032005,06455;43463994638,143265
"2019-09-01 02:00:00";172382510314,49203;18548427164,11244;4021478250,8807197;3304959015,675365;11138171049,11795;40174349178,971504
"2019-09-08 02:00:00";188472622853,42685;19219420861,32582;4071110601,725291;3508160633,4163966;11203325706,726818;41371416635,39882
"2019-09-15 02:00:00";185784741789,6185;20288460965,71702;4111563122,0078897;3278128144,298374;11250379083,019196;41577059811,21902
"2019-09-22 02:00:00";179904089209,41705;23264134520,97542;4115829245,573879;3275847475,3042393;12460362625,450603;43387920598,30881
"2019-09-29 02:00:00";148262613208,3911;18871654652,07107;4126940658,420219;2470160216,318188;10459089438,538628;34483362647,86078
"2019-10-06 02:00:00";146548819910,639;19059980501,362946;4113996157,3452744;2447631177,856199;10926305618,813238;35113474844,91332
"2019-10-13 02:00:00";149868690552,56174;19519081973,52031;4126320916,245504;2672886893,5605154;11782510133,895374;35874382958,03655
"2019-10-20 02:00:00";143989654006,83463;18727930838,11434;4135824474,465254;2826938326,979732;12685506412,281687;35134105253,074356
"2019-10-27 02:00:00";166539926492,59833;19512025260,437828;4114695515,1058474;2935460690,7935615;12732577606,836987;38254294528,90746
"2019-11-03 01:00:00";168625661384,67014;19973728732,12574;4125800069,3665657;3156075841,452046;12839762492,27993;41199196143,97558
"2019-11-10 01:00:00";158847643234,13025;20057352388,49006;4111546127,067217;3069491114,967948;12113876894,8649;41582020109,76964
"2019-11-17 01:00:00";154327999554,57886;19902777448,74067;4135345056,4752073;3151680143,4217033;11428509357,236004;41243877068,91755
"2019-11-24 01:00:00";133694768231,92781;16699803584,275076;4154438752,211045;2553896283,688646;10233210595,48201;35199556526,40541
"2019-12-01 01:00:00";136829944620,89322;16553240367,91562;4115674787,1282134;2439716224,360761;9807264342,045038;35454791991,46715
"2019-12-08 01:00:00";136650681396,17705;16194266412,491936;4141884817,834743;2437896969,55287;9899124806,102562;34884043195,78084
"2019-12-15 01:00:00";128818260828,40218;15557850972,073689;4130847960,449421;2253189688,7548666;9416634794,359982;33726373306,619858
"2019-12-22 01:00:00";130213830692,92421;13968963971,565222;4135072141,0476737;2081692610,012912;8406830223,656007;31681774290,14398
"2019-12-29 01:00:00";132297083270,8779;13998262897,921335;4122083608,22687;2132158325,9530265;8377133362,863602;32245946969,63726
"2020-01-05 01:00:00";134620230365,61682;14772145426,0035;4134451585,110432;2160415212,399312;8430085019,828674;33483918799,61125
"2020-01-12 01:00:00";145542932321,0348;15602163663,42056;4637102542,697034;2318576010,496836;9188900426,583786;36622486326,727
"2020-01-19 01:00:00";162126611250,01236;19171231641,693253;4640900241,476517;2766710668,2695246;10606082858,069897;45213040875,40846
"2020-01-26 01:00:00";151963338382,87692;17612674204,560715;4653436502,955076;2636486780,0375285;9586517754,082346;43148998698,71742
"2020-02-02 01:00:00";170741061057,04373;20103729621,12305;4647211835,488361;2838888330,0230794;10542413480,164284;50241962076,23749
"2020-02-09 01:00:00";179461331999,59885;24461176140,485542;4637776474,439743;3382766443,3865123;12090385391,636591;57335030513,96277
"2020-02-16 01:00:00";180291874041,7402;29021372681,654697;4650789294,280124;3761131983,794933;13428043062,671206;59814635020,008835
"2020-02-23 01:00:00";176142515512,05148;28799181069,124287;4653215539,682611;3422928538,0850496;12068632324,58248;55097569443,764084
"2020-03-01 01:00:00";156932024055,18057;24178036764,579292;4663074967,517706;3020098680,146997;10126681982,060686;46096312385,76474
"2020-03-08 01:00:00";162765111170,47482;26005406118,04282;4657554753,030266;3138672543,736868;10370408399,105844;49441159673,43939
"2020-03-15 01:00:00";94487825436,98543;13537446267,43495;4649961777,386579;1578643171,741542;6460961613,90564;28033704101,595867
"2020-03-22 01:00:00";113047593667,86185;14619353870,675228;4657922384,055575;1879211575,8676116;6928420837,715327;32985991629,72442
"2020-03-29 01:00:00";114066158835,14537;14454229086,838863;4632966969,728683;1898674631,5903828;7730370052,025474;32979393968,50122
"2020-04-05 02:00:00";125785823122,15118;16048869078,080637;6187645162,575259;2148235652,830124;7980711193,060679;34739138414,63212
"2020-04-12 02:00:00";125655436296,63971;17498032578,195515;6342828317,173107;2146805865,6844654;8287191331,963687;36008426759,95351
"2020-04-19 02:00:00";133083376958,41133;20690356521,703377;6362229063,67856;2583920841,736335;8585845782,360316;38785977719,18008
"2020-04-26 02:00:00";138799959573,551;21619614418,85442;6396211526,357395;2537274868,2520356;8600265644,245146;40384422625,62002
"2020-05-03 02:00:00";165014845439,89566;23852894912,124306;6385165409,253626;2735350820,852652;9877596052,161625;44290618177,48213
"2020-05-10 02:00:00";176024369912,62723;23399301296,240967;6393948071,063441;2619087354,813216;9557689367,459835;44425227117,55531
"2020-05-17 02:00:00";171940280200,87082;22237181361,82911;8819574331,619287;2494023987,3123746;8824678508,170397;47413058992,418015
"2020-05-24 02:00:00";169078329822,36337;23117885486,8699;8838182532,358545;2572955472,4558144;8763344969,36392;43706124235,71846
"2020-05-31 02:00:00";178324596748,06555;26941236981,459667;8806667284,588882;2754234383,333913;9096409111,654512;47476456521,17746
"2020-06-07 02:00:00";177477369042,55908;26908917242,52193;9189997021,909653;2727679732,9962387;8969643367,080305;49059076674,05279
"2020-06-14 02:00:00";174429918488,5763;26597319161,670254;9206643740,950085;2616792794,181989;8525893287,233781;48146040025,37761
"2020-06-21 02:00:00";172418406453,4397;25609587765,21288;9208720911,111814;2505555776,7714806;8368653593,706915;47911758012,91721
"2020-06-28 02:00:00";166740702391,08307;24862263447,62792;9238007624,980873;2362889901,828801;7833727289,9991455;45645523068,14019
"2020-07-05 02:00:00";167759300412,78198;25500469869,770874;9160891838,664932;2411643864,446604;7854299490,660713;48495685625,43489
"2020-07-12 02:00:00";170305362436,30402;26749484534,580654;9196759496,60187;2739640922,551059;8905474928,802383;54637784064,750015
"2020-07-19 02:00:00";168828283272,30783;26324400920,72206;9173868442,817442;2662168904,90875;8830492070,85158;55868815208,56234
"2020-07-26 02:00:00";178500024040,185;34002682188,98582;9977104655,167133;2852556882,3303494;9591201132,048357;60073806893,903336
"2020-08-02 02:00:00";217161905651,72318;43234970337,62755;9952996250,82128;3113313350,4176297;12976883726,256926;66624169543,15345
"2020-08-09 02:00:00";217069049813,35474;44468181862,6632;10009613987,469744;3302946310,398031;13239691789,140047;70358438173,52425
"2020-08-16 02:00:00";219039737204,5783;48604172041,80203;10004307330,508085;3320979624,120728;13457338639,03404;78556212668,67682
"2020-08-23 02:00:00";215627087978,01935;44469081755,656586;9997582213,842691;3203879893,230703;12905780061,02307;78481550715,82759
"2020-08-30 02:00:00";212317146503,0612;44936714530,4188;10025643534,465586;3321931653,970873;12344641863,127914;80467544232,55563
"2020-09-06 02:00:00";188160755947,52505;37499006995,03976;14151947510,394756;2797971497,64407;10693344418,062292;68361590202,96408
"2020-09-13 02:00:00";193252986763,48996;43624737350,487854;14708557413,38245;4101633575,084289;11164602104,396257;77761536063,59918
"2020-09-20 02:00:00";205025579879,95358;43438624231,43461;15234079578,250809;3925380716,0270953;11322935357,619583;75191007587,55432
"2020-09-27 02:00:00";198608722445,97964;40005077720,48444;15304202316,217613;3776637306,98146;10903350424,022915;73075728420,19391
"2020-10-04 02:00:00";195261821470,8855;39118072549,097694;15597787542,140688;4074403911,3829036;10528738163,53439;70419777571,76881
"2020-10-11 02:00:00";209117136770,90912;41898254385,42716;15723593529,002787;4102925181,7890577;11478550229,21053;75592432849,07133
"2020-10-18 02:00:00";210314271083,3548;41688656883,27486;15818260294,400982;4366886174,25659;10898060544,784996;73444980456,54778
"2020-10-25 02:00:00";242755970099,77625;46660158880,86186;16250799905,20061;4423338193,108857;11586495474,472702;76392578888,00972
"2020-11-01 01:00:00";254825919399,85666;43770077536,17997;16657595742,595518;4097437476,5017014;10851601733,079653;70900255653,44649
"2020-11-08 01:00:00";274067713460,94452;49186747591,38931;17153053541,521812;3976253786,5099144;11260849262,629055;73207193380,74539
"2020-11-15 01:00:00";297699466933,842;52036034175,49889;17838726484,656708;4028625416,1386366;12199772920,413881;76914924753,10992
"2020-11-22 01:00:00";345776975059,85956;62576823369,074844;18353112849,454144;4411064764,02958;21396766980,02939;88905220011,19247
"2020-11-29 01:00:00";329155498008,4123;61285025175,156815;19057682068,125393;4222530600,7328153;28537732130,3472;88654770752,4155
"2020-12-06 01:00:00";356377680827,0533;68362295999,73019;19645832618,34019;4298510449,70517;26802422751,84169;92888726793,25946
"2020-12-13 01:00:00";350134299070,0396;64800293362,73396;19826514949,70222;4085037509,6232886;23123798791,38243;88138083838,81845
"2020-12-20 01:00:00";441913111821,89417;74813113389,3824;20119999186,24231;4795467991,361982;26067617319,811012;105120891368,09813
"2020-12-27 01:00:00";492703707326,5896;72657705037,79451;20682807547,893406;4841629962,750171;13323035676,638704;96979311983,69359
"2021-01-03 01:00:00";597467298389,5625;88563949592,77252;21212844967,72712;5536106340,065709;10018339501,278185;108252304831,21391
"2021-01-10 01:00:00";752588082610,5547;147334582816,98862;23728084765,35732;6399552648,281384;14996416942,19509;143193894069,36295
"2021-01-17 01:00:00";667116445624,1763;139277094497,4234;24297729030,485172;6083064551,918027;12626371571,403208;162961765827,66397
"2021-01-24 01:00:00";591705688134,7366;140208958092,73184;24794123390,332806;6283108542,3482275;12268880621,229294;161115529682,3813
"2021-01-31 01:00:00";634838735744,3428;157009677180,15506;26373842728,109283;6918638351,012424;19781350313,376404;173541486977,19412
"2021-02-07 01:00:00";725553084231,3765;191854869083,7684;28257478542,05196;11236656716,980967;19914390465,471306;217776259637,15088
"2021-02-14 01:00:00";879817617099,0793;208123280169,3277;31612995619,0182;20649075527,717804;28683693919,719505;303338487682,20746
"2021-02-21 01:00:00";1041134956254,9355;218118606748,88242;34125043144,906803;38949693706,84944;23247715792,05388;344272104853,8119
"2021-02-28 01:00:00";855209829049,678;166450094064,43906;35024040732,98164;34549176238,23977;19739574925,287567;310538387149,87396
"2021-03-07 01:00:00";915662386959,7069;191084734093,76126;36436699929,17803;35061963498,65726;21169148128,2357;319136914948,17084
"2021-03-14 01:00:00";1141544762923,7522;221054380638,9731;38221472672,86718;42708418957,361694;20878300910,861576;376686793082,1742
"2021-03-21 01:00:00";1086588283427,6183;207379549927,13297;39534413170,61775;40686004148,71024;23942010242,83808;399839918967,64264
"2021-03-28 01:00:00";1046513025994,498;197896640792,27283;40181026729,61415;41785853186,25272;24995982120,287468;404508099947,7748
"2021-04-04 02:00:00";1071075509840,3545;231910191004,40643;42452506769,89952;49427162048,29356;26471123926,416183;461086600106,4898
"2021-04-11 02:00:00";1119245666510,7432;246254435420,2203;44397618791,10724;72808563035,29756;61810024298,09913;500889376008,63257
"2021-04-18 02:00:00";1135466232452,5237;271170036717,15717;48360308367,72645;79848227758,77072;71125115839,43503;592633000167,7771
"2021-04-25 02:00:00";935704807467,3811;256270066783,62427;49432687558,45555;76357951856,31366;47260675809,73438;461255060595,26105
"2021-05-02 02:00:00";1082568171379,4878;341504746814,8196;51506813936,71201;95047467174,11449;75137651649,93817;598319417379,8779
"2021-05-09 02:00:00";1102434409280,3547;450778871214,80365;55271312416,06495;99129806593,96371;54961197749,990814;700930804751,832
"2021-05-16 02:00:00";872705425563,0306;420897184513,499;58224033555,6261;86433567111,95302;52398719691,81346;686853793508,0579
"2021-05-23 02:00:00";692898054129,6458;263718411146,64536;59510401201,90661;45291809562,69616;40853615050,63301;450034715218,54315
"2021-05-30 02:00:00";644153156325,7156;262384912214,06873;61314086539,08825;46417558911,08637;38072757799,45773;432154680744,7433
"2021-06-06 02:00:00";664815138156,9275;304784277518,56213;62235447538,97976;59863461888,86138;42483574933,46832;478626580156,471
"2021-06-13 02:00:00";664373174916,2922;274941683474,9198;62666339230,23388;52588509490,16913;38366936142,3051;424214640390,6299
"2021-06-20 02:00:00";667937473207,762;252901294552,43774;62668946316,62116;51475813265,33372;35106300099,74888;407506894326,4866
"2021-06-27 02:00:00";603381592652,326;212125008541,06378;62608769751,00941;42771826001,80292;28258358153,25531;346676281408,0326
"2021-07-04 02:00:00";650150979520,1631;259772070604,78125;62371971541,710785;45687993064,91541;31027593902,468647;384799830317,72076
"2021-07-11 02:00:00";628953515866,3229;246868884696,60962;62208640230,37424;48556581380,87667;28895563111,3739;373917988191,80273
"2021-07-18 02:00:00";591135497961,4;221903988191,462;62016265104,870636;46056672663,27102;26941094173,539593;310950352017,7767
"2021-07-25 02:00:00";643615816297,2711;255543314909,49377;61846003177,420784;50565264220,37074;28171527431,00104;362514876713,5925
"2021-08-01 02:00:00";774708987653,2548;294784170355,66956;61816149840,79902;55629273761,31366;34340652973,12874;414220231133,6843
"2021-08-08 02:00:00";834794535926,7158;368678068369,40894;62133279237,29059;59830214876,62778;37901409302,74498;468394019728,5619
"2021-08-15 02:00:00";884845318881,3549;382817840773,0681;63288707994,76422;68846649702,19875;59942481507,216484;538878495818,2676
"2021-08-22 02:00:00";917484727391,8275;378412254943,805;64666364293,04295;75600568163,7379;56760280263,417786;587865670982,6388
"2021-08-29 02:00:00";919329013212,1975;380983285760,8507;65545937495,153465;81683542351,44365;53273606881,790634;603544270350,864
"2021-09-05 02:00:00";939711711000,2013;456906946300,4345;66805103141,59637;83623348508,29382;58513962321,01293;665249295062,9111
"2021-09-12 02:00:00";851089115178,3025;384677831881,08356;68369456228,047615;68199021071,7605;50410798877,990425;643689206577,2854
"2021-09-19 02:00:00";908358110035,5789;403121183998,852;68248389502,164825;68980522028,94023;50124533483,28641;653013059048,4177
"2021-09-26 02:00:00";804898339785,729;345002939549,2412;68606097794,12081;58949547421,655205;44058414923,728455;577243905720,6353
"2021-10-03 02:00:00";900073005644,655;401548829373,27124;68046195387,654655;72537912151,52019;48932684445,18603;626902967220,4529
"2021-10-10 02:00:00";1034216654856,828;420801352459,94666;68405597008,8037;70776216023,99797;54243214374,7544;672149835043,8293
"2021-10-17 02:00:00";1146446116365,8958;450802569639,44916;68765490083,98462;77937333456,02843;53110279563,2296;675301901398,9525
"2021-10-24 02:00:00";1158113022223,8657;493834318718,5855;69631400587,2343;81119747755,60431;51446214758,13289;704211182269,0173
"2021-10-31 02:00:00";1172423579472,9006;511419341053,6345;70357678346,28459;88460879868,49101;51043154908,67176;741811547947,7676
"2021-11-07 01:00:00";1160782856371,4473;533984757234,3522;71964436301,34343;106134307385,89407;54223877936,73355;802922644248,6996
"2021-11-14 01:00:00";1217272627959,175;549367969831,9203;73907428248,88928;108395328296,75528;56144399347,79487;823157014896,3251
"2021-11-21 01:00:00";1126863993568,2693;522371354283,93146;73062349328,31693;100789889945,44612;51672917002,009995;787122820038,3063
"2021-11-28 01:00:00";1031350802102,1505;483715894656,46533;73196290269,79012;99564534106,1124;44538038895,828415;737684807435,0132
"2021-12-05 01:00:00";933392769616,6029;491312272640,48566;74227082095,99887;95579955712,02997;40351858923,57421;690412830621,2885
"2021-12-12 01:00:00";933635570117,4297;485112981432,9242;76183458803,44576;94312911032,36745;39721998749,04975;647711216197,1631
"2021-12-19 01:00:00";886670909049,4329;470733057878,51825;76387504271,0059;89224298447,64337;39150347553,60124;644768952801,5283
"2021-12-26 01:00:00";954064621635,8834;486650487191,96954;77639400668,66672;91401319944,93143;43806605253,70731;718782596696,3317
"2022-01-02 01:00:00";902088084567,8085;448411926644,1226;78383296645,9698;87943673304,73042;40389460284,86064;695808898714,588
"2022-01-09 01:00:00";788192455605,3083;367357162223,69037;78296923156,64012;71583902871,13214;35490372901,76211;601012712370,9569
"2022-01-16 01:00:00";816385621142,4426;396667055906,4705;78429393718,96315;82396408180,91304;37196387067,63777;656630717552,8029
"2022-01-23 01:00:00";663379690397,5729;286934483325,1023;78268348705,2819;59091371268,17298;28418670797,40167;487116477838,96826
"2022-01-30 01:00:00";722523596937,8405;309969523681,28406;78152722304,88902;64142613618,62321;29445480857,37579;526842156454,0075
"2022-02-06 01:00:00";785536953509,4751;360487786262,10065;77958275343,9519;68485640942,10351;31929955980,609516;570644517756,6693
"2022-02-13 01:00:00";799590577072,0719;348159800254,60486;78475876252,45245;66478580810,81041;39231941003,320435;559884844043,22
"2022-02-20 01:00:00";760796484239,0807;330611464436,2132;79041843525,7005;66068406982,30307;39446517417,2115;539109797395,7311
"2022-02-27 01:00:00";741275725902,385;332808740444,5793;79572332367,41995;61630496631,15538;35918887763,053566;527812465380,78687
"2022-03-06 01:00:00";747574747286,6978;319335896322,3476;79735103566,0254;63553931052,95835;36238655780,60082;526782970621,07007
"2022-03-13 01:00:00";736685733333,7972;308050164471,9256;80070392286,27362;61423963098,987724;37755800803,74636;511544198920,3395
"2022-03-20 01:00:00";801392232392,8224;354295612929,0487;80456470348,46518;66019755649,879944;39498875899,68408;559270395650,1697
"2022-03-27 01:00:00";845378951663,2163;377777516828,02106;81345262516,74202;68687467499,63702;40068735698,32336;598826311054,5403
"2022-04-03 02:00:00";871390925491,8505;414377935298,549;82112985497,30412;72167265740,78893;39657630698,390686;649891298583,0566
"2022-04-10 02:00:00";812496139167,0042;391812889331,72876;82543494789,06436;70408247507,12987;36673483884,634186;592639803934,7987
"2022-04-17 02:00:00";768411509200,4827;368694883480,90826;82739008959,94557;68941427510,8775;37684535811,79642;558586498760,3596
"2022-04-24 02:00:00";751366083006,1338;354067796218,5575;83133777498,29118;65533388123,95959;34050737413,24318;548736070327,63477
"2022-05-01 02:00:00";717612926164,6787;329443598612,3622;83171035951,00302;61658724193,79196;28216340851,810722;473242756643,5234
"2022-05-08 02:00:00";675183216782,4188;318301600921,0965;83231348107,73582;59686220279,77031;28121685488,23557;456077461663,24304
"2022-05-15 02:00:00";572542774257,4546;248183468071,67816;76605466803,11334;48480974680,377266;20593488047,595764;323656328890,2208
"2022-05-22 02:00:00";560354817916,69;238607242245,3491;73187928342,14606;50935855434,701355;20033900927,826225;316349299919,7173
"2022-05-29 02:00:00";552575812635,9056;216694774456,25574;72469017648,8129;50195453199,157486;18668858529,24266;298405338559,7555
"2022-06-05 02:00:00";568628804099,7684;218245756864,94644;72492549909,97083;49161224526,93931;19002338876,453175;305534715609,4319
"2022-06-12 02:00:00";540964465974,6095;185302462344,92966;72427628780,73235;44008200617,20825;17377371389,460964;279134656370,81934
"2022-06-19 02:00:00";361136355053,1357;120103581721,31735;68140918508,080925;32158347390,694374;14857650757,245407;243254109568,96622
"2022-06-26 02:00:00";409609240549,6432;150584718151,30475;66835697538,107445;39145409721,42472;17750977698,5446;281158223688,3553
"2022-07-03 02:00:00";367205418606,82806;129454259827,3392;66162853023,02572;35602148889,92494;15255800844,541248;257014078541,19086
"2022-07-10 02:00:00";412163735842,87366;147830504370,35236;65960485406,57627;39717277008,30582;16674997756,494677;274613575660,90723
"2022-07-17 02:00:00";404729909498,7795;164516557861,88605;65861745645,50546;40760594678,834366;16961259533,450687;273763597698,94394
"2022-07-24 02:00:00";429122813487,8905;188494375095,35443;65843483760,51075;41862804080,266335;17380963946,86899;286775895591,569
"2022-07-31 02:00:00";451941665721,6951;206498456353,95126;66075458172,303825;46396925913,17714;18746251386,112442;303016199991,0702
"2022-08-07 02:00:00";438932771129,8484;206157908512,57245;66485061249,00523;50841098183,79623;17964010214,851635;307777627163,89606
"2022-08-14 02:00:00";467102657290,8578;241682423020,51636;67062561810,39438;52269092421,58057;18574550808,302925;324325169737,51794
"2022-08-21 02:00:00";404739720814,54877;192408920351,75687;67547818486,49548;45761555753,31122;16663703210,177494;280749865511,97015
"2022-08-28 02:00:00";383465019651,61566;182131385881,65753;67550646712,48055;44820043554,84631;16611288986,652813;273232001288,56714
"2022-09-04 02:00:00";379602782193,7084;190296965524,15692;67555518280,61662;44816574558,75836;16381318438,804161;277578496350,32556
"2022-09-11 02:00:00";415079333871,6956;217235641599,3295;67565052498,271034;47904215820,11447;17821902175,492416;296895781965,79694
"2022-09-18 02:00:00";385506713761,8418;179908765813,0622;67930094918,491974;45048706949,46587;18777808823,12816;281284932602,13
"2022-09-25 02:00:00";362813100923,0056;161462371278,91446;67958300371,26616;44384579754,92422;24362683951,99919;271024235352,67035
"2022-10-02 02:00:00";370137999102,181;160835993796,9288;67952498756,76388;45641514437,445984;23708762429,019375;267202860220,32098
"2022-10-09 02:00:00";372301876441,6085;161422244261,92563;68338375038,03156;44601612802,64792;25784310988,13028;266930864060,27612
"2022-10-16 02:00:00";365746872548,4422;156585852463,54218;68438324611,10955;43304789242,34453;24059239248,550106;253950262728,27142
"2022-10-23 02:00:00";368532562230,6632;160829783102,00027;68457318836,58584;43271554735,80493;23221904359,290844;259188967644,0149
"2022-10-30 02:00:00";399558492460,49866;198208689034,6846;68992647482,87239;48670354144,365456;23560545290,06923;285325602471,9196
"2022-11-06 01:00:00";408659103664,8704;199212542931,85614;69369098597,46455;55878009924,09291;24772465651,638275;299402163232,68774
"2022-11-13 01:00:00";322652408772,5591;153633199296,79153;67326674114,61072;45171345118,72949;18261884953,55612;238252913598,70306
"2022-11-20 01:00:00";321087992755,1821;149104753582,8255;65884700007,236984;43581542220,2517;19349764844,501297;236417491725,2724
"2022-11-27 01:00:00";316397144432,51184;147571296368,8932;65334455694,803856;49810686062,75891;19948759156,00165;236063363904,14056
"2022-12-04 01:00:00";325035905983,18805;152137539500,45178;65448433992,09846;46479765739,209984;19507178617,60357;239000689142,67816
"2022-12-11 01:00:00";329408305902,84644;154976450573,06998;65710392042,32268;46094011871,177765;19488548395,978516;238525136270,81464
"2022-12-18 01:00:00";323088938420,8205;145395882867,81366;66061043244,356476;38794742871,42182;17862552268,45312;219366129962,8544
"2022-12-25 01:00:00";324185375825,4331;149439480245,03406;66246934546,51916;39133488421,75819;17730357349,986664;214703044811,09882
"2023-01-01 01:00:00";318524383653,84283;146446478626,2372;66242484238,98182;39404568795,698;17112907053,752487;207801187056,81763
"2023-01-08 01:00:00";326460332620,2045;154702829012,57297;66265558812,413414;41790935384,73163;17407379758,549843;217820196892,59766
"2023-01-15 01:00:00";404074971408,24384;189769011784,0753;66282125860,906845;48841053871,31839;20055538159,388313;256153717932,19733
"2023-01-22 01:00:00";438903603818,10767;199147069541,17365;66499723569,150856;47250899530,21196;20500260148,33593;264616041267,5799
"2023-01-29 01:00:00";443943851312,27496;192448748114,47757;67518108980,98198;48355394988,77452;20734927579,15982;275838369618,66113
"2023-02-05 01:00:00";449882178717,0912;204017606451,53558;68034946739,68909;52195372466,59587;20892099321,573475;288650703822,4848
"2023-02-12 01:00:00";421847738998,7693;188428340827,30096;68329460317,61566;49044365231,551605;19505920625,68651;273909938989,49594
"2023-02-19 01:00:00";475435017083,6038;207017445219,50726;70306645409,63303;49993477227,70427;20045143156,62737;294351159301,3143
"2023-02-26 01:00:00";447300343673,45245;195157075701,2377;70807590421,26932;47742856878,0865;19263789179,131176;278249328684,2728
"2023-03-05 01:00:00";431622589771,62665;191781789372,33636;71367591355,09926;45713670396,18657;19046404029,50942;263235739340,51172
"2023-03-12 01:00:00";398425079397,10114;181410928157,41867;72628751184,13756;43885372674,56059;18690168823,846706;236927103183,2453
"2023-03-19 01:00:00";521088381699,3192;215740624401,7522;76361478448,53383;52345733751,51092;19078131401,34685;261026544944,94702
"2023-03-26 01:00:00";531439838531,1089;213400702753,79782;79093732523,01085;50941019466,75058;22656591093,73998;250356804420,13187
"2023-04-02 02:00:00";550315925932,436;219376749941,10788;79710452434,68224;49725662934,655235;26353878141,20833;260699668963,45035
"2023-04-09 02:00:00";540624981054,4011;222807405771,52658;80231907779,34363;49048950235,21574;26138538887,570583;256853736033,00238
"2023-04-16 02:00:00";586533594112,3013;251303207749,66803;80968222315,80785;51964147434,43889;26932672489,991325;274607010321,04266
"2023-04-23 02:00:00";538344959862,19855;225676833998,65637;81433148486,53378;51749062353,50764;24460554072,26588;252221161654,66772
"2023-04-30 02:00:00";566182944390,8407;229809368542,84705;81735040519,12047;50204467786,126335;24756396648,821205;253935475518,20428
"2023-05-07 02:00:00";559709347841,3616;228668803295,7415;82226942196,19049;50305557418,231346;23819424501,881023;242321571466,584
"2023-05-14 02:00:00";518968547220,15186;220636754847,56396;82846568348,00502;48486400529,64414;22024429517,090015;227600584157,06506
"2023-05-21 02:00:00";525529767793,62335;218913018649,76096;82948551349,67325;48426754955,96406;24332386679,325066;231969107245,5933
"2023-05-28 02:00:00";520912514449,64703;220202015390,32153;83168054884,32489;47938681131,88433;24548619340,949974;229349333890,50223
"2023-06-04 02:00:00";525043474759,34106;227535738303,20444;83167744894,2725;47803920578,82126;27000290872,76327;232887449605,31744
"2023-06-11 02:00:00";501531532346,65936;210702607185,14426;83396573554,4672;37262901556,01777;26419275645,351223;194541197396,26016
"2023-06-18 02:00:00";514438080876,273;207630797260,7137;83543401787,73396;38121105734,63362;24942688431,00891;200547774875,9168
"2023-06-25 02:00:00";592914202067,9674;225465017909,50696;83240900151,73608;36880384564,06192;25464329817,38278;218749508208,06482
"2023-07-02 02:00:00";593919902869,0204;231355402180,78745;83350667461,85008;38617731089,84696;24743218226,60239;227549288081,79272
"2023-07-09 02:00:00";588386302769,8214;224261596704,9475;83378229922,02725;36826502672,36469;24593162399,122986;221874632619,9962
"2023-07-16 02:00:00";588688760272,4974;232186860311,81308;83638697109,96028;39133366992,27192;37482498205,60076;233640761546,08652
"2023-07-23 02:00:00";579011781251,3795;224292930098,86633;83805790864,52353;37079737143,72811;38530975618,48414;228921933450,30835
"2023-07-30 02:00:00";570777847228,8077;226054234665,2609;83831303950,04558;37322623522,18958;37556129475,948906;231382944863,81732
"2023-08-06 02:00:00";564871134074,4031;220485713339,8277;83820182250,89096;37380522463,43399;33144171010,57587;221995411511,12842
"2023-08-13 02:00:00";572314536770,0978;222158761589,37894;83366510395,23915;36966222009,86894;33107765337,52698;226495852195,0282
"2023-08-20 02:00:00";507902489124,0986;200703288493,3782;82838144743,45888;33388300806,63695;27458696317,080833;204063992475,74655
"2023-08-27 02:00:00";506344524471,9797;197908515869,4094;82811866940,55339;33288736495,74549;27699754469,818993;200586772297,3831
"2023-09-03 02:00:00";503799575059,6495;196798554997,71213;82901682430,00319;32993907646,9528;26441611726,48961;199634388188,6328
"2023-09-10 02:00:00";504461348552,25543;196584322818,26114;82992946190,50127;32957692204,18234;26746335631,489212;199843881392,5006
"2023-09-17 02:00:00";517748280581,96606;196589322503,6253;83065027653,27614;33069547649,925568;26582760560,493465;202819549189,01343
"2023-09-24 02:00:00";518139804929,4164;191623905873,7266;83206758665,032;32396394278,612644;27049455275,124645;202315398077,73776
"2023-10-01 02:00:00";525875522318,53955;200935947754,0943;83260095938,14577;33046306303,161613;27475501315,715733;206245713060,00302
"2023-10-08 02:00:00";545645259081,3614;196560758534,532;83500048193,17685;32673926884,98313;27861736781,207096;206856818928,5895
"2023-10-15 02:00:00";524102030360,87256;187007807773,30377;83529062839,9129;31784400609,799824;26013669888,870667;199332140737,90027
"2023-10-22 02:00:00";584019984977,6497;195948847306,6615;84181185815,08122;32513704451,181694;27853358689,07976;211254922723,2262
"2023-10-29 02:00:00";665656548615,5605;213663634184,2632;84557956914,1351;34252961268,42906;29210414056,590923;228438512734,17108
"2023-11-05 01:00:00";685425049680,7308;223385918567,2427;85430312992,87839;36020704252,850746;33036985122,195488;245716825929,4018
"2023-11-12 01:00:00";725589121192,4537;246911725799,46518;86668304904,3247;38143057154,32209;35558236860,164444;281995525559,63983
"2023-11-19 01:00:00";715108559322,432;236077730418,46545;87730704510,39658;37161761285,19125;32831924703,885918;281819393336,4787